"pathway","pvalue","dist"
"M26996",0.001,0.0177986839021952
"M970",0.001,0.0167650760856454
"M27947",0.562,0.0188247383071203
"M703",0.72,0.0124076180074907
"M592",0.001,0.00386795369857659
"M524",0.084,0.0182212358954959
"M643",0.035,0.00918191012618886
"M27146",0.001,0.0173065987109978
"M700",0.542,0.0188247383071203
"M702",0.776,0.0094217068257046
"M1825",0.001,0.0166955428877487
"M27449",0.001,0.0171737663082428
"M975",0.001,0.00591043001288119
"M708",0.001,0.0136437143539279
"M27213",0.628,0.0187552051092236
"M18193",0.122,0.00850167555072124
"M26902",0.006,0.00645120237557869
"M3862",0.001,0.00457844672761411
"M11980",0.009,0.00474121378758269
"M26976",0.001,0.00156365126350324
"M27292",0.523,0.0188247383071203
"M811",0.012,0.0146776383426512
"M17243",0.001,0.00751209415714182
"M17814",0.001,0.0021053012272415
"M27948",0.001,0.00235176312479126
"M10679",0.001,0.0136437143539279
"M42522",0.81,0.00760510211735527
"M27161",0.045,0.0122334105220462
"M27114",0.001,0.0172990452993731
"M188",0.843,0.0193587075208481
"M11153",0.001,0.00660491995037873
"M1018",0.414,0.0124395314045885
"M27627",0.001,0.00154153921280606
"M9990",0.001,0.0104025965897439
"M601",0.001,0.00265565662140294
"M27172",0.002,0.00136156965858782
"M1062",0.001,0.00391716095114331
"M29837",0.001,0.00687603859810193
"M27958",0.002,0.00140228430627094
"M26909",0.03,0.00321158783616881
"M27836",0.047,0.0122014971249483
"M27140",0.001,0.00158327010082986
"M495",0.001,0.000608452789503235
"M920",0.003,0.00996469139259958
"M27839",1,0.0121376703307527
"M2341",0.001,0.000502856350747777
"M27033",0.211,0.0168034184734948
"M27934",0.001,0.00221026871170059
"M801",0.492,0.0193587075208481
"M794",0.505,0.0193587075208481
"M27700",0.107,0.0121695837278505
"M796",0.397,0.00853924339236612
"M4974",0.009,0.00412039832265778
"M27481",0.028,0.0170483268327791
"M27722",0.001,0.0177986839021952
"M3871",0.001,0.00172820854564609
"M26904",0.553,0.0188247383071203
"M27298",0.001,0.0102906187197774
"M27725",0.596,0.0187552051092236
"M27254",0.001,0.00362721278083624
"M27889",0.001,0.00911703632224867
"M26943",0.001,0.0164448244211547
"M27086",0.001,0.00841434704652387
"M499",0.036,0.00218833973145036
"M10320",0.04,0.000220763368302853
"M27738",0.518,0.00911703632224867
"M934",0.999,0.00894601298446508
"M27828",0.001,0.00764703194512224
"M27098",0.164,0.00933424537791682
"M26947",0.011,0.0165143576190514
"M897",0.001,0.00109390494109967
"M866",0.675,0.0126775656842286
"M749",0.001,0.00265282570426636
"M907",0.001,0.00328694358826659
"M27339",0.001,0.0121376703307527
"M3634",0.067,0.00263346204372623
"M27152",0.001,0.00066271258308965
"M29839",0.538,0.00926937157397663
"M17694",0.001,0.00104793956228543
"M27454",0.001,0.000972744415093814
"M27434",0.028,0.00490874870607867
"M27473",1,0.00495969392778732
"M41809",0.01,0.00016183080410871
"M13897",0.001,0.00740744312429982
"M758",1,0.00173433822115312
"M27485",0.001,0.00278018253892914
"M27480",0.001,0.002357327366261
"M820",0.001,0.00161890633695987
"M840",0.002,0.00236598611601876
"M27321",0.816,0.00202116882010834
"M27708",0.001,0.016272990894448
"M27379",0.351,0.00928761107600144
"M902",0.815,0.0193587075208481
"M27619",0.67,0.0124076180074907
"M26991",0.001,0.0177772687198672
"M29830",0.001,0.0012170571190523
"M27103",0.001,0.00132211117211793
"M11725",0.001,0.00201350959907438
"M27838",0.007,0.0113259034419106
"M19832",0.001,0.000430082351532045
"M27937",0.001,0.00691441948573807
"M678",0.003,0.00465894638823764
"M27935",0.01,6.70754320290987e-05
"M797",0.002,0.0112196672914874
"M18334",0.14,0.00830576072003057
"M27466",0.001,0.0115456945886828
"M27542",0.523,0.0188247383071203
"M27087",0.131,0.0182907690933926
"M1030",1,0.00303672963699404
"M29840",0.003,0.000468248612113382
"M29689",0.082,0.00213510240986329
"M17879",0.009,0.00406673973186112
"M938",0.001,0.000898695568134223
"M27182",0.001,0.0173065987109978
"M19248",0.001,0.000403413629744347
"M27166",0.001,0.0177986839021952
"M2158",0.013,0.00289170416951684
"M16227",0.001,0.00498737711441097
"M784",0.908,0.00440038064102551
"M27591",0.047,0.00891440958238906
"M15303",0.01,6.04351348080675e-05
"M29814",0.01,0.0161637964749598
"M2843",0.001,0.000275735752973622
"M29701",0.001,0.01355857345282
"M559",0.001,0.00684886221522313
"M27681",0.846,0.00972637732916053
"M27096",0.266,0.0124714448016863
"M27558",0.001,0.00217875451975055
"M1078",0.011,0.0099596912335619
"M27812",0.004,0.0063547628587874
"M837",0.001,0.00706150098332417
"M26926",0.786,0.0188247383071203
"M27163",0.001,0.00171898465695181
"M27656",1,0.00561001148072887
"M27164",0.001,0.00712086888773266
"M8245",0.018,0.0142481294261415
"M27113",0.979,0.00803129655371919
"M651",0.472,0.00928761107600144
"M41837",0.02,0.000120053052243888
"M26953",0.014,0.00118165228988391
"M26907",0.001,0.00488365139591996
"M808",0.001,0.00501279834855949
"M27818",0.001,0.00277219302262443
"M641",0.992,0.00141952326141113
"M5650",0.003,0.002313315882902
"M16289",0.792,0.00760510211735527
"M27193",0.001,0.0140368238565271
"M6591",0.538,0.0188247383071203
"M889",0.01,0.00958717439191429
"M29724",0.002,0.000633424639066701
"M27272",0.001,0.00335197136505536
"M512",0.001,0.00129438431028718
"M29619",0.01,4.97055111272297e-05
"M751",0.009,0.00262657890567319
"M27483",0.001,0.0177291507042985
"M27258",0.001,0.0139884923405886
"M27151",0.012,0.0127818142413275
"M27171",0.001,0.0127818142413275
"M1070",0.04,7.72351582800741e-05
"M17386",0.001,0.0301995356924746
"M27263",0.001,0.0157176064983923
"M39001",0.589,0.0187552051092236
"M42527",0.002,0.00173937183816792
"M27248",0.001,0.0110777698020918
"M13492",0.011,0.00639840109780463
"M27188",0.001,0.00019213133011074
"M27243",0.001,0.00678257740918854
"M27752",0.996,0.00120544916043004
"M38996",0.021,0.00596008965009711
"M26982",1,0.0151795513142693
"M26981",0.001,0.00852004799633646
"M27360",0.003,0.00861864658523347
"M27674",0.993,0.000796903259190194
"M27046",0.001,0.000342568133236153
"M27227",0.06,0.0183326531159229
"M19752",0.003,0.000233832592230214
"M27400",0.024,0.0145641523264384
"M27468",0.001,0.00583536756388344
"M27274",0.001,0.00451545692252666
"M27546",0.001,0.00335186976794724
"M27303",0.006,0.00613628326457013
"M29854",0.001,0.00765293589596013
"M27257",0.001,0.00307160021718002
"M27465",0.956,0.00205260534757498
"M27554",0.01,0.000271984248121334
"M16312",0.003,0.000147078519307765
"M27563",1,0.00669287228458054
"M27428",0.001,0.00361425521571723
"M27712",0.004,0.00718852466861403
"M39005",0.144,0.00644553041089606
"M29829",0.001,0.000942710140727902
"M27702",0.618,0.0187552051092236
"M27191",0.001,0.00321412248120197
"M27470",0.13,0.0321048184987938
"M550",0.008,0.000354251854715194
"M27244",0.001,0.000609661478766126
"M27275",0.001,0.00056976825245947
"M549",0.004,0.00892611114027329
"M26930",0.001,0.0173065987109978
"M27756",0.001,0.00269954437820218
"M27589",0.695,0.00312649080629879
"M669",0.002,0.00247602764208047
"M628",0.003,0.00283989219894387
"M27510",0.142,0.0159402789763175
"M16647",0.01,3.21192069354116e-05
"M6768",0.001,0.0177772687198672
"M27079",0.998,0.00273499063433479
"M27698",0.001,0.00255999874844278
"M522",0.002,0.000127953346770007
"M4280",0.001,0.00866222795019866
"M12123",0.783,0.00742151980396382
"M779",0.001,0.00116254570658444
"M27156",0.001,0.0173065987109978
"M29808",0.001,0.00724058923090907
"M16597",0.06,0.00610475692041088
"M27763",0.001,0.00130532299314162
"M11184",0.705,0.00538799067024846
"M27111",0.61,0.00945818582975422
"M525",0.001,0.0121376703307527
"M27875",0.001,0.00795093746684699
"M27310",0.017,0.0155177269830168
"M27309",0.001,0.00510737409958007
"M26969",0.001,0.000675822594438056
"M19861",0.044,0.00707716730288596
"M27311",0.002,0.00141435423005474
"M13408",0.001,0.00486704296570344
"M27476",1,0.000526257829091583
"M8410",0.001,0.016022272427854
"M29536",0.662,0.00538191253980584
"M26928",0.518,0.00945818582975422
"M1002",0.986,0.000461269278989748
"M868",0.011,0.000288907131466128
"M29582",0.993,0.00102918594071606
"M27665",0.982,0.00108161596611863
"M27952",0.001,0.00438132186934639
"M27308",0.001,0.000919546235806483
"M14663",0.001,0.0104025965897439
"M27651",0.091,0.000750382895441081
"M595",0.997,0.000919844984445301
"M27697",0.949,0.000176533736050827
"M839",0.007,0.000432521354370682
"M729",0.001,0.00265328083887034
"M27582",1,0.00142101825393534
"M14804",0.007,0.00105392074243545
"M27854",0.97,0.000172272746517426
"M27574",0.04,5.9095845851379e-05
"M27206",0.004,0.00196874237524813
"M27108",0.02,0.0161637964749598
"M941",0.001,0.000217827482394105
"M27205",0.001,0.00133433019006368
"M29842",0.001,0.00235895299837804
"M661",0.001,0.00344772375340451
"M41721",0.001,0.00510005398629676
"M41724",0.001,0.00320036692723616
"M27650",1,0.00143569017365529
"M29803",0.001,0.00090935489987187
"M27297",0.104,0.00329078827702216
"M27189",0.001,0.0177986839021952
"M587",0.003,0.000130486527637364
"M27101",0.001,0.00410073662304744
"M2844",0.001,0.000808650320104708
"M27544",0.793,0.0129475133609666
"M27946",0.001,0.011297560948864
"M27888",0.019,0.000228389567138616
"M27649",0.001,0.00051024402573672
"M27317",0.001,0.0171737663082428
"M27941",0.001,0.00495268985193235
"M15434",0.11,0.000108571776646729
"M27506",0.508,0.0124395314045885
"M27175",0.01,0.000100592400644341
"M27592",0.066,0.00437255966694924
"M27097",0.99,0.000446705930150089
"M27938",0.001,0.000555399529153115
"M27253",0.991,0.000524529281464457
"M9648",0.001,0.00623422142830288
"M4904",0.004,0.00253880041752432
"M532",0.001,0.0110840411625995
"M1040",0.001,0.0177986839021952
"M27207",1,0.00287715133983519
"M800",0.005,0.000393578069802607
"M631",0.873,0.00059836589869329
"M10450",0.001,0.0143873850006186
"M10775",0.006,0.00546332113531441
"M927",0.035,0.0183326531159229
"M27131",0.002,0.000385908271505082
"M12484",0.001,0.0089056344226235
"M27676",0.692,0.0126775656842286
"M14309",0.001,0.00210689089936407
"M26993",0.001,0.00446784938692619
"M27874",0.002,0.00031022705553988
"M657",0.001,0.00958717439191429
"M14981",0.001,0.0072870617057775
"M16523",0.001,0.00484070020034748
"M27820",0.02,0.00112783491483594
"M26972",0.001,0.00144318977889981
"M11575",0.001,0.0137037880962787
"M1080",0.001,0.000847245994784847
"M27851",0.001,0.00505337547622762
"M27028",0.008,0.016022272427854
"M19193",0.002,0.00803129655371919
"M27236",0.718,0.0127094790813265
"M27686",0.01,Inf
"M27247",0.001,0.00894211342667312
"M27857",0.001,0.00312263236289865
"M26911",0.001,0.000437349586708655
"M27753",0.66,0.000519649981669992
"M791",0.004,0.00247386907411947
"M27293",0.505,0.00245244736967174
"M26983",0.001,0.00817358420947923
"M576",0.001,0.00151415951683177
"M610",0.01,3.48370329880651e-05
"M27352",0.001,0.00841434704652387
"M519",0.005,0.0045503402367253
"M27794",0.001,7.2447629647989e-05
"M507",0.001,0.00336447784466345
"M695",0.001,0.00102817785670944
"M1443",0.025,0.00264318705212001
"M13748",0.025,0.000866054588748104
"M1877",0.994,0.00189724867654587
"M27840",0.482,0.0124076180074907
"M27849",0.111,0.0182907690933926
"M773",0.006,0.00139005413093296
"M27232",0.001,0.011783728868323
"M706",0.001,0.000338973794004885
"M27568",0.268,0.0158551380752096
"M27059",0.001,0.0149886646113042
"M27060",0.494,0.0124395314045885
"M27648",0.999,0.00107774445976873
"M1009",0.106,0.0128934469484355
"M27219",0.992,0.000461777945182279
"M27230",0.033,0.0040085293764672
"M41833",0.005,0.00135131357760018
"M692",0.001,0.00589937720430995
"M27233",0.276,0.000652988817803484
"M685",0.001,0.0143873850006186
"M636",0.001,0.0108642500158273
"M27390",0.001,0.0177986839021952
"M27252",0.001,0.00208175239519426
"M27439",0.782,0.00523664722099746
"M27288",0.994,0.000282416452817249
"M666",0.777,0.0188247383071203
"M660",0.841,0.0188247383071203
"M27255",0.001,0.00131328438754594
"M26960",0.001,0.0121376703307527
"M1003",0.183,0.0159246712731063
"M8240",0.001,0.00102352751882051
"M928",0.001,0.0177291507042985
"M41830",0.001,0.00513053584159901
"M1072",0.106,0.00206527057638854
"M29816",0.001,0.00181120071087765
"M27497",0.987,0.00428165503642012
"M39003",0.001,0.016269449259767
"M27781",0.001,0.0167512143149421
"M27201",0.054,0.000269140761462213
"M6121",0.016,0.00487482631722945
"M29617",0.003,0.00315747090028096
"M27198",0.065,0.00853280270794138
"M27933",0.005,0.00982603256090521
"M1051",0.003,0.00892611114027329
"M600",0.005,0.000199994455527593
"M4076",0.06,0.000196971188524493
"M26964",0.008,0.00101475848898548
"M877",0.01,0.00969915226188085
"M27408",0.001,0.00244057156260671
"M26999",0.199,0.00123027517840197
"M29804",0.005,0.000313023643116286
"M27383",0.548,0.00945818582975422
"M29805",0.041,0.000425753187680791
"M965",0.001,0.000696376376641385
"M620",0.009,0.00139782280990419
"M27605",0.692,0.0127094790813265
"M27858",0.001,0.016272990894448
"M27894",0.001,0.000934526395116936
"M5113",0.005,0.00124851268314272
"M18437",0.597,0.000268530189405528
"M5283",0.07,0.000130021627408974
"M27893",0.001,0.0173065987109978
"M27381",0.001,0.000768178227730398
"M715",1,0.00147339754160641
"M27897",0.055,0.0183326531159229
"M1005",0.102,0.00867752646430887
"M27604",0.001,0.0161958299188864
"M1012",0.002,0.00280677361591253
"M27860",0.065,0.0183326531159229
"M27873",0.028,0.00595950569684131
"M518",0.993,0.000569012626074689
"M983",0.03,0.000106673468634257
"M1014",0.001,0.0161958299188864
"M542",0.001,0.0108642500158273
"M27594",0.006,0.00238512736230193
"M921",0.001,0.0137288552550358
"M29806",0.018,0.00483332296899679
"M14766",0.001,0.00143281755132071
"M1870",0.005,0.000815671519724221
"M760",0.002,0.00140616965691918
"M971",0.001,0.00134957884077426
"M27460",0.001,0.00118953910206026
"M27464",0.001,0.00893626643813905
"M27240",0.001,0.00865999073457369
"M27282",0.072,0.00144043786000296
"M27609",0.001,0.000334385423834803
"M859",0.004,0.00721286673607544
"M997",0.002,0.000530650107337312
"M670",0.001,0.0157176064983923
"M691",0.001,0.0120136193752739
"M690",0.001,0.00596724804445935
"M27706",0.001,0.0166955428877487
"M27482",0.957,0.00151032891003863
"M29844",0.12,0.0182907690933926
"M26916",0.057,0.00331819055690427
"M27382",0.001,0.000199723749065805
"M959",0.005,0.0159246712731063
"M962",0.004,0.00166234279868001
"M27472",0.004,0.000209781845469966
"M977",0.001,0.00233563018381725
"M27846",0.365,0.00454568560834973
"M42519",0.614,0.0187552051092236
"M27949",0.013,0.0164448244211547
"M27936",0.001,0.0152393830778982
"M27640",0.001,0.00051024402573672
"M7455",0.002,0.000462821741509224
"M29766",0.001,0.0147379461447102
"M27780",0.001,0.00489889693458723
"M27228",0.127,0.0182907690933926
"M27680",0.833,0.0075074185437682
"M27567",0.004,0.0103946636979174
"M914",0.017,0.00140278637166658
"M17034",0.013,0.000443020118915151
"M26896",0.001,0.0171737663082428
"M15195",0.001,0.00268683215188642
"M39011",0.071,0.0121695837278505
"M39013",0.54,0.0188247383071203
"M42520",0.77,0.00616340984987348
"M27901",0.031,0.00611642346431697
"M41728",0.001,0.00374006763451552
"M1011",0.001,0.0146381034672126
"M1061",0.002,0.00720150385552447
"M27776",0.001,0.0104025965897439
"M27584",0.003,0.000357178454544331
"M27740",0.001,0.0167512143149421
"M27777",0.001,0.0152393830778982
"M27461",0.032,0.00459008368402344
"M27104",0.013,0.00279115791372954
"M29836",0.03,7.51168089900887e-05
"M27855",0.001,0.00726415889847445
"M529",0.001,0.000888977843846669
"M27467",1,0.00036403456580044
"M27169",0.427,0.00928761107600144
"M27085",0.001,0.00592989862587568
"M27216",0.009,0.00368529422566424
"M2881",0.467,0.00194882411782141
"M27102",0.001,0.00518779618355558
"M18311",0.01,0.000224072988198053
"M27081",0.699,0.00287218342501647
"M18795",0.469,0.0124395314045885
"M27622",0.117,0.0182907690933926
"M1088",0.001,0.00352485879309028
"M27772",0.001,0.00150006080843196
"M27580",0.003,0.00451143376278975
"M26967",0.03,0.00528938314738012
"M27642",0.018,0.00189500575193174
"M41838",0.079,0.0182212358954959
"M27424",0.084,0.0121695837278505
"M27442",0.004,0.0142481294261415
"M712",0.01,0.00597811825126887
"M27778",0.001,0.000916451068285738
"M16864",0.03,0.00013329787261983
"M27719",0.012,0.0107266301092706
"M27816",0.001,0.00284318967820244
"M27093",0.001,0.000448622302720082
"M27654",0.08,0.000129207572559683
"M29825",0.562,0.0128685672214221
"M14690",0.005,0.00123055211333458
"M27418",0.001,0.00240584500575469
"M27572",0.99,0.00102725788354473
"M15096",0.661,0.0152181660748396
"M29822",0.001,0.0121376703307527
"M26973",0.001,0.000440404370727041
"M27928",0.554,0.0188247383071203
"M973",0.997,0.00381937232088702
"M27832",0.003,0.000258557305408107
"M27134",0.001,0.00101163264144913
"M19582",0.865,0.0112935006728607
"M27942",0.856,0.00700487215393699
"M14033",0.34,0.0292293865998645
"M27160",0.001,0.0152393830778982
"M3492",0.001,0.00332819605114935
"M853",0.051,0.016269449259767
"M979",0.001,0.0177772687198672
"M27954",0.57,0.0188247383071203
"M27599",0.995,0.00532837668081941
"M7169",0.004,0.00636894699468035
"M26997",0.855,0.00487505964757132
"M27251",0.001,0.000266450146300825
"M27652",0.46,0.00196710590580965
"M918",0.001,0.001214577941285
"M872",0.005,0.000170000532819633
"M11187",0.001,0.00256366165935783
"M12347",0.003,0.00431627252507385
"M27527",0.001,0.0057896281297889
"M27526",0.001,0.0057896281297889
"M27528",0.001,0.0057896281297889
"M41735",0.787,0.0126775656842286
"M27529",0.001,0.0057896281297889
"M27426",0.001,0.00227558665788112
"M27944",0.002,0.0115200525520928
"M27645",0.392,0.00681942618917008
"M16441",0.96,0.00184660250480334
"M913",0.001,0.00192326544319698
"M27380",0.838,0.0126775656842286
"M985",0.002,0.000990577021986411
"M27616",0.001,0.00281084998861711
"M875",0.005,0.00147587135554358
"M4281",0.001,0.0111006227641486
"M957",0.515,0.0164586404868341
"M27565",0.02,3.82713646729395e-05
"M29793",0.001,0.00405231533147594
"M27094",0.821,0.00928761107600144
"M27089",0.001,0.0023088986996616
"M915",0.002,0.0117654857354551
"M735",0.02,7.06470037231795e-05
"M27921",0.01,Inf
"M705",0.001,0.000140166525385292
"M1059",0.009,0.00186659151877168
"M41831",0.999,0.000342109628805681
"M27000",0.005,0.00096392022298355
"M4217",0.05,0.000131527014851635
"M27895",1,0.000693269658848623
"M6177",0.001,0.00927512243656973
"M27210",0.001,0.00712086888773266
"M27879",0.002,0.00323698331871535
"M27560",0.001,0.00199480261150321
"M27587",0.002,0.00280420216785073
"M27880",0.001,0.0108642500158273
"M27882",0.607,0.0187552051092236
"M611",0.006,0.00228994453193949
"M777",0.003,8.03764728297334e-05
"M27378",0.622,0.0124076180074907
"M29790",0.001,0.0051334223480177
"M29777",0.002,0.00270759837448647
"M7257",0.563,0.00761688695113796
"M11215",0.002,0.000647029653121474
"M42525",0.003,0.00215891540777233
"M152",0.001,0.00111923343804
"M571",0.611,0.00376086378090227
"M8276",0.045,0.00613022183861609
"M27107",0.007,0.00016503426640918
"M27822",0.01,0.000155506453822063
"M27829",0.001,0.0043412471083278
"M546",0.005,0.00514065436592328
"M27831",0.001,0.00311088806944234
"M27859",0.002,0.00881817297483573
"M27416",0.001,0.00304165382714795
"M27190",0.001,0.00394317950572606
"M27385",0.001,0.00454247614842298
"M590",0.001,0.000151710878911692
"M27660",0.995,0.00035745274940354
"M27185",0.01,2.98590856824998e-05
"M10959",0.364,0.00740973497018113
"M1441",0.002,0.0111123836556461
"M14582",0.002,0.0106161163760084
"M27579",0.001,0.00132990865206148
"M18175",0.001,0.005053142243234
"M1074",0.015,0.000379456396114368
"M27626",0.154,0.00190531313584558
"M713",0.967,0.000773568818980112
"M5485",0.997,0.000283290967926694
"M27186",0.001,0.000921365138928285
"M11773",0.001,0.00631868947001394
"M29565",0.001,5.80427025972668e-05
"M27682",0.001,0.00437743771275911
"M12289",0.151,0.00830576072003057
"M9400",0.001,0.000250797971917496
"M864",0.78,0.000327498968057105
"M27050",0.02,7.65837462456862e-05
"M27211",0.001,0.00124043225572988
"M792",0.005,0.00439078572910544
"M4138",0.96,0.00122430160822729
"M27850",0.001,0.0121376703307527
"M27835",0.239,0.00609548624544679
"M29846",0.001,0.0173065987109978
"M27455",0.841,0.0193587075208481
"M2286",0.989,0.00255350886707727
"M738",0.001,0.000698630901444383
"M649",0.01,0.000129431886520457
"M714",0.001,0.0177986839021952
"M27655",0.075,0.0091717548283231
"M27419",0.001,0.00604676618701291
"M27462",0.026,0.0108306750874107
"M759",0.001,0.0109965777860086
"M18788",0.981,0.000871755602022602
"M1029",1,0.00457443207597077
"M752",0.003,0.000142608131847191
"M27841",0.001,0.00669660618896221
"M27231",0.001,0.00123753135793748
"M9450",0.05,0.00460973435265641
"M27218",0.001,0.000260740062509004
"M27842",0.009,0.00543598954028
"M27471",0.986,0.000801360476411619
"M27847",0.001,0.00210243395780222
"M924",0.001,0.00776741336364456
"M919",0.996,0.00519880790569281
"M26985",0.001,0.00391723989769803
"M27032",0.005,0.000914711690591434
"M916",0.001,0.00085882516578928
"M1073",0.014,0.0164448244211547
"M614",0.002,0.00695401304547419
"M607",0.001,0.00281701081077187
"M19135",0.011,0.00396674719293405
"M27673",0.988,0.000787111595121975
"M27082",0.718,0.0094217068257046
"M10735",0.001,0.00113619690991357
"M29819",0.085,0.0182907690933926
"M721",0.155,Inf
"M27819",0.001,0.00965213307646431
"M27425",0.001,0.00124853067796044
"M676",0.005,0.000264683017672334
"M552",0.606,0.0187552051092236
"M622",0.001,0.00765293589596013
"M39007",0.008,0.000565238530915398
"M27782",0.128,0.00915351532629829
"M27932",0.04,0.000162312396749928
"M27355",0.831,0.0193587075208481
"M27562",0.823,0.0193587075208481
"M27617",0.001,0.0014996153940502
"M27590",0.005,0.00111687624176369
"M814",0.001,0.0079073561018818
"M10654",0.047,0.0183326531159229
"M27734",0.001,0.00542050250356778
"M27689",0.041,0.0122334105220462
"M842",0.006,0.00735386402308246
"M29838",0.036,0.00177283474118217
"M41805",0.001,0.00323416056218782
"M27445",0.001,0.00346530108650948
"M17157",0.001,0.002063696296783
"M41810",0.02,0.000106241673307934
"M27742",0.003,0.000360309524947724
"M26917",0.036,0.0116461089617663
"M41819",0.001,0.000414346932892935
"M923",0.001,0.00702964727533462
"M27484",0.998,0.000147470823938727
"M41811",0.001,0.000331716759501723
"M38995",0.297,0.00538799067024846
"M27771",0.157,0.000644524672468918
"M1017",0.49,0.000286535984354763
"M27955",0.546,0.0188247383071203
"M27290",0.126,0.0122014971249483
"M27215",0.004,0.000147873330412733
"M27436",0.02,4.75664870526611e-05
"M4862",0.081,0.0182212358954959
"M783",0.057,0.00854300215657705
"M27789",0.545,0.00945818582975422
"M2661",0.636,0.0188247383071203
"M27326",0.069,0.00918999433034791
"M7927",0.746,0.0015112901783202
"M41834",0.39,0.00928761107600144
"M17541",0.001,0.00865999073457369
"M1077",0.01,3.03285474864003e-05
"M27945",0.017,0.00580533211912843
"M6729",0.541,0.00992060493997187
"M27376",0.001,0.0117938282285017
"M27556",0.014,0.00143967404086128
"M14966",0.085,0.0182212358954959
"M27779",0.005,0.00044151712071713
"M41804",0.001,0.000854207904490145
"M27322",0.997,0.00114154340137931
"M982",0.001,0.0161958299188864
"M6467",0.008,0.000255173312615093
"M27950",0.002,0.00866222795019866
"M27001",0.001,0.00111929724286318
"M942",0.001,0.0115456945886828
"M27229",0.001,0.0113002614053205
"M537",0.001,0.00765293589596013
"M27646",0.02,0.000119664052255748
"M27162",0.001,0.000235127869751586
"M27939",0.001,0.0154668880317983
"M27900",0.001,0.00155412989775453
"M27814",0.001,0.0115740370817294
"M490",0.815,0.000571463971173174
"M716",0.001,0.00762195156173119
"M776",1,0.0010658511442916
"M891",0.001,0.000558241071821595
"M27571",0.789,0.00538191253980584
"M27788",0.008,0.0107266301092706
"M903",0.001,0.00954992154119938
"M27557",1,0.00692145103783574
"M27638",0.505,0.0193587075208481
"M27250",1,0.001156840862756
"M27639",0.001,0.00590863767162893
"M26977",0.001,0.0177291507042985
"M41832",0.965,0.00166590888351152
"M27637",0.001,0.0042758592796361
"M27636",0.001,0.000608247846911843
"M27641",0.002,0.00113235373477924
"M27802",0.991,0.00342484387088344
"M27285",0.005,0.000349811320530701
"M26956",0.001,0.000888977843846669
"M29843",0.017,0.000372322381935656
"M27811",0.987,0.00200702692051298
"M27437",0.002,0.00298237107804505
"M27316",1,0.00173051651978837
"M29824",0.001,0.00276941895960839
"M27701",0.001,0.00368398604903972
"M1921",0.009,0.000637120942023143
"M27746",0.203,0.00236441253837158
"M27815",0.977,0.00134440868439884
"M27872",0.008,0.000148759431024931
"M27489",0.001,0.0134441510107259
"M27490",0.001,0.0147379461447102
"M27539",0.984,0.00652975034670374
"M27491",0.001,0.00133893192709956
"M27494",0.001,0.00662978293731951
"M27553",0.004,0.0028254510854199
"M41818",0.001,0.00217328705924205
"M41738",0.001,0.00107473778963336
"M41734",0.001,0.0181517026975992
"M29807",0.035,0.00427349598696243
"M41723",0.001,0.00189456454253912
"M27493",0.009,0.00458880401308721
"M41822",0.938,0.00164901052411503
"M41812",0.878,0.00104130020447604
"M41807",0.001,0.000494440001860347
"M41814",0.973,0.00154295775269069
"M583",0.001,0.00773090996573948
"M41813",0.001,0.00076205401147922
"M41808",0.001,0.000349186007783652
"M41817",0.004,0.000810084214320109
"M41820",0.001,0.00188645963051362
"M27487",0.002,0.000710203834574947
"M41816",0.001,0.000691059512732962
"M41815",0.001,0.000341638339818905
"M29666",0.003,0.00222703175220405
"M27234",0.226,0.00250425925135337
"M41806",0.001,0.000177447754026741
"M27696",0.003,0.0022035487771527
"M1095",0.003,0.00312803795636358
"M739",0.003,0.00467126963688226
"M41828",0.503,0.00204078320295335
"M41829",0.901,0.00311640111359765
"M1024",0.002,0.00712686992896896
"M27647",0.08,Inf
"M724",0.002,0.000134699207179108
"M27877",0.693,0.0126775656842286
"M27351",0.001,0.0173065987109978
"M27203",0.001,0.0137288552550358
"M41827",0.929,0.00220470188998946
"M27110",0.002,0.00321670450873163
"M26923",0.001,0.00658309053270922
"M27768",0.001,0.0177772687198672
"M27799",1,0.0121376703307527
"M27797",0.001,0.00250128781361763
"M27792",0.012,0.00263249317218577
"M27806",0.528,0.0188247383071203
"M27805",0.002,0.00196162503785754
"M27817",0.846,0.0193587075208481
"M27803",0.003,0.00352389974791324
"M27824",0.026,0.0122334105220462
"M27498",0.001,7.53931248811645e-05
"M27221",0.001,0.00594471499254679
"M39006",0.001,0.00113065140324645
"M27222",0.038,0.0122334105220462
"M27220",0.538,0.0188247383071203
"M39009",0.01,0.000128736879246961
"M27150",0.001,0.00401721386978373
"M27080",0.01,3.00669820832051e-05
"M41727",0.001,0.000675782628901841
"M7578",0.001,0.0147379461447102
"M16498",0.007,0.0147437562520198
"M27325",0.001,0.0173065987109978
"M18415",0.001,0.00718640105473747
"M19381",0.003,0.000137131855172925
"M2243",0.001,0.00567914115541803
"M27585",0.128,0.0182907690933926
"M27187",0.001,0.00115729643669159
"M27795",1,0.00419271024719324
"M42524",0.829,0.0193587075208481
"M41824",0.001,0.00129213518018919
"M41823",0.001,0.000904342625586696
"M27751",0.013,0.000243772408030246
"M27613",0.331,0.0152393830778982
"M29574",1,0.0025005233773485
"M29848",0.015,0.00518425141555346
"M26929",0.002,0.0064209490015795
"M41835",0.002,0.00036598793177441
"M7923",0.001,0.000224859786493788
"M27319",0.042,0.00735005763827883
"M925",0.001,0.00980862707000531
"M9379",0.017,0.00660596470372011
"M878",0.001,0.00144435804681219
"M42517",0.001,0.00405059413626586
"M26965",0.001,0.0177986839021952
"M1662",0.848,0.0126775656842286
"M27212",1,0.000840998086958194
"M41826",0.001,0.0026516288140179
"M27653",1,0.00144613986474668
"M563",0.001,0.00684886221522313
"M673",0.005,0.00470716578523254
"M29535",0.034,0.0145641523264384
"M544",0.002,0.00124931724835031
"M42521",0.001,0.000218531303273117
"M27694",0.001,Inf
"M27865",0.001,0.00451761210451746
"M27039",0.001,0.000681273505571819
"M27534",0.001,0.010250804398335
"M553",0.002,0.000544287392515444
"M27530",0.001,0.00147852165721353
"M41732",0.001,0.013159446766416
"M27532",0.001,0.00153433145147589
"M41733",0.001,0.00764703194512224
"M893",0.94,0.00140012926847714
"M27550",0.002,8.71447811090503e-05
"M27533",0.002,0.00153433145147589
"M591",0.031,0.00460973435265641
"M27536",0.002,0.00122627765111174
"M27195",0.001,0.0172432995061395
"M635",0.001,0.00103924928329753
"M29614",0.01,8.03374534524855e-05
"M511",0.003,0.0117335723383573
"M39002",0.001,0.00555980411249869
"M27202",0.001,0.0115740370817294
"M604",0.001,0.00399723592004551
"M27864",0.02,0.00989976403962134
"M616",0.002,0.00108144357294049
"M29616",0.001,0.0022436470328482
"M27038",0.89,0.00668721249156144
"M618",0.002,0.00171768153618038
"M27918",0.022,0.00674669344511377
"M1090",0.003,0.000661532538957384
"M1021",0.001,0.00110023285136141
"M29849",0.001,0.00371748660477308
"M29851",0.001,0.0099651210635463
"M27246",0.001,0.0173065987109978
"M29841",0.002,0.000260640234006427
"M27869",0.01,4.2565209022979e-05
"M27443",0.001,0.00145423313081939
"M899",0.995,0.000227910723091758
"M29742",0.001,0.000606773757560235
"M508",0.006,0.00076065879014814
"M12256",0.001,0.00418273122385284
"M27405",0.363,0.0164586404868341
"M10189",0.01,0.000104181427120374
"M2049",0.001,0.000702466895188485
"M27168",0.045,0.00209897200821514
"M13881",0.001,0.00116852144551311
"M1041",0.001,0.00026920378699019
"M633",0.001,0.00318144662351835
"M5988",0.716,0.000816827015521519
"M27340",0.001,0.0167512143149421
"M27531",0.001,0.000672848203058644
"M746",0.01,2.9995906338264e-05
"M554",0.001,0.00692017886796486
"M27871",0.001,0.000238144480006713
"M567",0.01,Inf
"M514",0.007,0.00947769958378984
"M594",0.99,0.000847009835914167
"M27041",0.936,0.0136505752850557
"M27643",0.003,0.000444474210943401
"M41731",0.001,0.0173065987109978
"M14857",0.001,0.000979630781150747
"M27200",0.001,0.0027974091400636
"M27045",0.002,0.00596008965009711
"M26980",0.12,0.0182907690933926
"M547",0.001,0.00321426785937563
"M1429",0.998,0.00312904923635963
"M27403",0.001,0.0167650760856454
"M27404",0.077,0.00918999433034791
"M27323",0.014,0.00906605387851052
"M27915",0.856,0.00112341066395008
"M27237",0.007,0.00906605387851052
"M29815",0.714,0.0124076180074907
"M27295",0.003,0.00133295860223495
"M29823",0.009,0.00733562106415944
"M27736",0.001,0.0121376703307527
"M7847",0.01,3.88519315434437e-05
"M27136",0.502,0.00926937157397663
"M27245",0.895,0.0137524618635098
"M17842",0.537,0.00615517403689422
"M5967",0.002,0.00262679462229035
"M27074",0.774,0.00629102124574761
"M27217",0.002,0.000997185727992218
"M1926",0.002,0.0030665113955548
"M27762",0.016,0.00171738511950816
"M27052",0.001,0.00839966657781413
"M27718",0.001,0.0171737663082428
"M27053",0.001,0.00493436115432691
"M27137",0.001,0.00911703632224867
"M684",0.825,0.00623133345430018
"M848",0.018,6.89042805117247e-05
"M653",0.001,0.00341270520919604
"M26961",0.112,0.0121695837278505
"M656",0.611,0.0187552051092236
"M26963",0.521,0.0188247383071203
"M639",0.002,0.0025378544531723
"M645",0.001,0.00449917789424677
"M655",0.001,0.00660316715997253
"M27149",0.001,0.00699732958561532
"M27375",0.006,0.0119817059781761
"M1016",0.001,0.0117335723383573
"M892",0.001,0.00148598764911197
"M932",0.001,0.0177291507042985
"M27549",0.624,0.00148568896241642
"M852",0.006,0.00301383178384579
"M27077",0.011,0.000151467028993184
"M662",0.001,0.000466834526957636
"M27748",0.002,0.000637756267043743
"M27023",0.001,0.00733860777050652
"M27538",0.001,0.0124427909038712
"M526",0.273,0.0124714448016863
"M646",0.001,0.00114607950840762
"M27474",1,0.0024128763344393
"M3574",0.096,0.000158609696813809
"M27174",0.871,0.00957404207743256
"M27183",0.714,0.0129475133609666
"M1063",0.086,0.00287644762086709
"M27181",0.813,0.000218118306622117
"M27226",0.992,0.000889115231689927
"M11362",0.006,0.00196020049967942
"M861",0.017,0.00248884540309401
"M11932",0.001,0.0146381034672126
"M27743",0.684,0.00180336734765317
"M17967",0.001,0.0177986839021952
"M27435",0.001,0.0149886646113042
"M27713",1,0.00214865272142629
"M18647",0.044,0.0129118001219687
"M27630",0.464,0.0124395314045885
"M27623",0.846,0.00197755889182695
"M27438",0.001,0.00822476868070682
"M27194",0.988,0.00127266548464548
"M27614",0.002,0.00236946626686012
"M27552",0.966,0.00172736954471051
"M27499",0.001,0.00303494810825617
"M516",1,0.000388659217561893
"M27629",0.494,0.0193587075208481
"M27633",0.494,0.00945818582975422
"M27628",0.524,0.00739795013639844
"M953",0.008,0.0116780223588642
"M936",0.614,0.00874955645439603
"M967",0.001,0.0167512143149421
"M1000",0.001,0.016272990894448
"M593",0.055,0.0122014971249483
"M5488",0.016,0.0164448244211547
"M4052",0.288,0.00055375151984186
"M26939",0.001,0.0173065987109978
"M7223",0.001,0.0026128308422907
"M27600",0.011,Inf
"M940",0.288,0.00400990198366903
"M27666",0.993,0.000594770297730908
"M27008",0.015,Inf
"M27826",0.001,0.0034111342478002
"M665",0.001,0.00103294458528428
"M27862",0.001,0.000845950917422224
"M27145",0.001,0.00113610150194271
"M27495",0.003,0.000452726659873147
"M27757",0.004,0.00281014321348211
"M27943",0.064,0.00464333398707839
"M27393",0.554,0.0188247383071203
"M29748",0.344,0.00280341515544161
"M39008",0.001,0.00538627417260749
"M39014",0.914,0.00287753650050541
"M991",0.654,0.0152181660748396
"M41730",0.001,0.00137683530540264
"M27440",0.99,0.000419250896962018
"M27012",0.001,0.00011593210715046
"M26897",0.001,0.00366087521268505
"M27786",0.01,0.000108767906792703
"M27334",0.897,0.00760510211735527
"M27067",0.001,0.0072870617057775
"M823",0.976,0.00183350243572061
"M539",0.993,0.000909729689107346
"M27728",0.523,0.0193587075208481
"M881",0.808,0.00622309764132092
"M27214",0.001,9.11140299584707e-05
"M41836",0.81,0.000342562618936345
"M619",0.615,0.0187552051092236
"M27013",0.001,0.000105010065512591
"M10064",0.001,0.00402060964413165
"M27856",0.001,0.00238682050204093
"M964",0.972,0.0112935006728607
"M27610",0.05,0.0183326531159229
"M27238",1,0.0155461237657886
"M27602",0.001,0.00303634082977061
"M27607",0.835,0.0193587075208481
"M456",0.026,0.00315396790862055
"M1084",0.001,0.0177291507042985
"M27372",0.001,0.0149886646113042
"M26954",0.003,0.000199686954913599
"M608",0.991,0.000290003286738808
"M27420",0.805,0.0053697562789206
"M27578",0.9,0.000137910599599591
"M27431",0.939,0.00270255482782437
"M27430",0.825,0.0126775656842286
"M7494",0.001,4.75828847334209e-05
"M27677",0.008,0.0119817059781761
"M27423",0.001,0.00519938336202553
"M10294",0.001,0.00079406304322912
"M933",0.001,0.00996469139259958
"M27576",0.985,0.00171552066315807
"M27088",0.001,0.0121376703307527
"M538",0.326,0.00533804144117643
"M27158",0.114,0.00129151918443398
"M27760",0.638,0.0187552051092236
"M27422",0.001,0.00183953809614723
"M27479",0.047,0.0107711653179042
"M27413",0.002,0.00733860777050652
"M5372",0.704,0.0124076180074907
"M26978",0.002,0.00753494827956818
"M39879",0.602,0.0187552051092236
"M832",0.558,0.0188247383071203
"M40056",0.028,0.00264905454115411
"M39890",0.001,0.00433604392401749
"M39574",0.001,0.00274424511543684
"M27394",0.999,0.00259587354192978
"M39787",0.001,0.00045098764005447
"M39860",0.888,0.00187034132017513
"M40054",0.001,0.00393011209144195
"M42576",0.137,0.0182907690933926
"M39680",0.037,0.00409557243441321
"M40057",0.001,0.000648189812285418
"M39874",0.633,0.0187552051092236
"M39551",0.634,0.0187552051092236
"M39816",0.001,0.0137288552550358
"M40060",0.49,0.00422661637602092
"M40052",0.001,0.000265343480796233
"M15381",1,0.000381963226484985
"M39331",0.002,0.00704142827306861
"M39757",0.001,0.0177986839021952
"M39749",0.616,0.0187552051092236
"M39505",0.001,0.000268467128582844
"M39398",0.001,0.00126412783624072
"M39443",0.287,0.0094217068257046
"M961",0.86,0.000391399568619499
"M39357",0.001,0.000884194328141041
"M39776",0.004,0.000415539926076858
"M39630",0.004,0.00036940127204954
"M39503",0.001,0.000617572606693989
"M39556",0.001,0.00230781792703331
"M27684",0.89,0.000546329393869107
"M42541",0.003,0.00261496161799765
"M39550",0.001,0.0177291507042985
"M42560",0.005,0.00527028787808435
"M27395",0.998,0.00377296209599888
"M27784",0.992,0.000839671091197089
"M39450",0.011,0.00638073182846304
"M39661",0.001,0.000701479723768088
"M39615",0.001,0.00210224623280673
"M39688",0.002,0.000524248424666634
"M39433",0.001,0.00359621294902746
"M39518",0.001,0.000810015374915881
"M39379",0.01,3.09306688093847e-05
"M39871",0.66,0.0126775656842286
"M27458",0.066,0.0069645107833305
"M39861",0.001,0.00410535247134492
"M39326",0.815,0.0193587075208481
"M39344",0.69,0.0127094790813265
"M39462",0.002,0.000436649041341707
"M39904",0.001,0.00246527833663052
"M39842",0.817,0.00770278569094234
"M944",0.996,0.000288856523609008
"M39841",0.265,0.0062478050802587
"M39532",0.001,0.00102365575807397
"M109",1,0.00633121946333482
"M39480",0.001,0.00251773278505481
"M40064",0.001,0.00841434704652387
"M39378",0.673,0.0124076180074907
"M39624",0.055,0.0122334105220462
"M39523",0.003,0.00143640950181917
"M15514",0.003,8.15905457348601e-05
"M39743",0.783,0.0129475133609666
"M39420",0.086,0.000259635839604965
"M39840",0.001,0.0177772687198672
"M39545",0.001,0.0172432995061395
"M39843",0.654,0.0124076180074907
"M39676",0.001,0.0067510331286928
"M39570",0.004,9.2540061160929e-05
"M42571",0.001,0.00051997879168722
"M39686",0.001,0.00881232598630165
"M40047",0.001,0.000759741207633384
"M42565",0.01,3.09306688093847e-05
"M39681",0.006,0.00525637737436023
"M42542",0.002,0.00168714716006511
"M39733",0.001,0.00893626643813905
"M39792",0.001,0.00321376806977135
"M39809",0.914,0.0064947920590277
"M39848",0.119,0.0182907690933926
"M1008",1,0.000976431967958717
"M39685",0.027,0.000326416895238576
"M39734",0.01,0.000112957266456586
"M27785",0.993,0.000262803558347965
"M39664",0.977,0.000423878152149736
"M39815",0.788,0.0129475133609666
"M39853",0.035,0.0010500932731884
"M39700",0.005,0.000154388650183568
"M39758",0.001,0.000344936081594525
"M42555",0.001,0.00444247273541339
"M39880",0.003,0.00109846429143277
"M42546",0.043,0.00463302191923108
"M39502",0.006,0.00185907904075046
"M39476",0.12,0.00410363189852858
"M39868",0.001,0.0173065987109978
"M39604",0.001,0.00943811061353802
"M39655",0.004,0.00141868835448059
"M39790",0.004,0.00614113090325475
"M39349",0.001,0.00146269595881551
"M39348",0.651,0.0124076180074907
"M39638",0.001,0.0115740370817294
"M39837",0.001,0.00101675876397132
"M39391",0.703,0.0127094790813265
"M40048",0.721,0.0124076180074907
"M39777",0.001,0.0147379461447102
"M39875",0.219,0.00341972802018322
"M39650",0.001,0.000118970916022255
"M39339",0.001,0.000840018391326562
"M39649",0.001,0.000175735542023255
"M39598",0.001,0.000926487444158113
"M42535",0.002,0.000413244252029024
"M39622",0.05,0.00916367062416405
"M39668",0.001,0.00869392122366011
"M39338",0.005,0.000101324097744347
"M39581",0.001,0.000129438535876408
"M39323",0.121,0.000112101158503135
"M39410",0.008,0.00349825674366151
"M39335",0.001,0.00616615848397115
"M39677",0.694,0.0124076180074907
"M39575",0.91,0.000873054279076099
"M39605",0.001,8.92979156187928e-05
"M27606",1,0.00136403866693987
"M39490",0.004,0.000617476183910117
"M39756",0.001,0.00684886221522313
"M39441",0.033,0.000150751241163857
"M39739",0.997,0.000419616575220995
"M39382",0.004,0.00727442340841841
"M27397",0.999,0.00471394963644437
"M39646",0.001,0.00190334290107621
"M39851",0.476,0.0046572829528674
"M39858",0.001,0.00518538634252061
"M39651",0.004,0.00262803157083593
"M39884",0.001,0.00190334290107621
"M39654",0.001,0.000196364455133844
"M39329",0.003,0.000144178730621509
"M39375",0.028,0.000342572243026997
"M39901",0.001,0.00254440156021736
"M39424",0.001,0.0173065987109978
"M39564",0.008,0.0072862082422011
"M39591",0.004,0.000496640727544526
"M39828",0.001,0.00155084459723021
"M39496",0.722,0.0094217068257046
"M39590",0.001,0.000876468431897251
"M39672",0.002,0.00150173348446353
"M39481",0.85,0.0094217068257046
"M39687",0.002,0.00260671996593787
"M39516",0.003,0.00636806919349613
"M39735",0.279,0.00416413894490032
"M39444",0.008,0.00193167903010119
"M39578",0.856,0.0193587075208481
"M39714",0.001,0.00225946868184653
"M42559",0.001,0.011783728868323
"M42537",0.001,0.0051163418441528
"M42564",0.011,0.0117900002288307
"M42574",0.001,0.0167512143149421
"M42551",0.001,0.0149886646113042
"M42552",0.001,0.0167512143149421
"M39569",0.004,0.00151761617630469
"M39717",0.001,0.0172432995061395
"M39334",0.01,5.16694109205779e-05
"M42570",0.001,0.00381878544139274
"M40049",0.001,0.0141424766413343
"M39440",0.001,0.000958852301129294
"M39673",0.001,0.000420942499192268
"M39862",0.897,0.00957404207743256
"M39800",0.606,0.0187552051092236
"M39492",0.98,0.000358312405764217
"M39838",0.001,0.00667082294085389
"M39612",0.001,0.00364557146218608
"M40063",0.252,0.0124714448016863
"M39396",0.563,0.00926937157397663
"M39530",0.001,0.000275813001673363
"M39768",0.001,0.00075124669436111
"M42573",0.813,0.0193587075208481
"M39609",0.001,0.00184329907438071
"M42579",0.001,0.0119817059781761
"M39596",0.003,0.000823773939882048
"M39744",0.002,0.00118690144295635
"M39617",0.001,0.000569240467689133
"M39623",0.001,0.000312090762108036
"M42550",0.625,0.0187552051092236
"M39606",0.001,0.000872234685365182
"M39369",0.001,0.0177291507042985
"M39347",0.553,0.0188247383071203
"M40039",0.342,0.00521990859170451
"M39497",0.125,0.00339317292300974
"M39891",0.894,0.00271507689343168
"M39814",0.001,0.0181517026975992
"M40042",0.924,0.0041906934582411
"M39404",0.001,0.011513781191585
"M39627",0.001,0.00236184858365819
"M39388",0.049,0.00647845823244741
"M1025",0.805,0.00139284717858022
"M39362",0.001,0.00499011783025576
"M40053",0.009,0.0164448244211547
"M29556",0.001,Inf
"M39693",0.002,0.000123082819310616
"M39592",0.145,0.00249514216029452
"M39832",0.001,0.00777331731448245
"M39595",0.001,0.00169183602522966
"M42578",0.009,0.00243272557879031
"M39526",0.001,0.010870521376335
"M39813",0.003,0.00337646455855805
"M40041",0.49,0.00928761107600144
"M39472",0.087,0.0182212358954959
"M39386",0.052,0.00450970262823249
"M39770",0.927,0.000399309741214267
"M39706",0.001,0.00447413829503659
"M39465",0.001,0.0022407319936776
"M39366",0.933,0.00382840667062533
"M39610",0.002,0.0120136193752739
"M39593",0.001,0.00353884894402079
"M39402",0.02,0.000155370331888305
"M39413",0.001,0.000924471441439375
"M39751",0.029,0.0026664078029247
"M39394",0.118,0.0182907690933926
"M39900",0.569,0.00945818582975422
"M39821",0.649,0.00460717710386765
"M39374",0.002,0.00298256475629061
"M39902",0.005,0.00500774887256445
"M39719",0.02,6.40131849948649e-05
"M39826",0.999,0.00216150781146703
"M39909",0.001,0.001151197882852
"M39713",0.001,0.00257002276288577
"M39399",0.001,0.0043711684047771
"M39796",0.823,0.0127094790813265
"M39560",0.001,0.00202627310180035
"M39908",0.002,0.00105118223061194
"M39383",0.002,0.000289386314449482
"M39857",0.001,0.000290340464454684
"M39823",0.003,0.000303276805624003
"M39818",0.01,5.84280931525904e-05
"M39830",0.001,0.000198329104392907
"M39748",0.004,0.00552877251361411
"M39381",0.742,0.0127094790813265
"M39644",0.002,0.00623862501109886
"M39499",0.001,0.00265340873313557
"M42545",0.479,0.00945818582975422
"M39817",0.941,0.00257429866830399
"M39536",0.001,0.000651855436057818
"M39737",0.001,0.00438822875873278
"M39641",0.001,0.00843162041101978
"M39537",0.047,0.0115740370817294
"M39447",0.044,0.0115740370817294
"M39521",0.001,0.00175794822674901
"M39586",0.677,0.00473599180949057
"M39786",0.001,0.0177986839021952
"M5224",0.109,0.000316184634898015
"M42549",0.622,0.0187552051092236
"M39484",0.484,0.00630749287170614
"M39628",0.001,0.00199578850759777
"M39482",0.03,5.88846004215149e-05
"M27931",0.994,0.00283065283605932
"M39656",0.001,0.00029129095189057
"M39543",0.001,0.000365764720188347
"M39899",0.003,0.00232738307123494
"M39660",0.144,0.0122014971249483
"M39611",0.001,0.0181517026975992
"M42530",0.001,0.0161958299188864
"M39620",0.545,0.00761688695113796
"M3158",0.003,8.96054356957776e-05
"M39839",0.996,0.00146488247586457
"M39827",0.001,0.00755703083828106
"M39835",0.768,0.00171644322779711
"M39392",0.001,0.000517044915439022
"M39836",0.878,0.0094217068257046
"M42543",0.557,0.0188247383071203
"M39346",0.001,0.000153452038828222
"M40055",0.43,0.0124395314045885
"M39539",0.679,0.0127094790813265
"M39517",0.05,0.0122516536549141
"M39430",0.971,0.00254979271677145
"M39731",0.036,0.002093845912365
"M39762",0.001,0.00163435439436599
"M39477",0.001,0.00427966768898303
"M39426",0.016,0.000475173880675196
"M39701",0.005,0.008778084197877
"M39708",0.599,0.0187552051092236
"M39716",0.01,0.000374144064811453
"M39455",0.7,0.00381590065369804
"M39327",0.138,0.0182907690933926
"M39905",0.001,0.00073229420287372
"M39534",0.845,0.00957404207743256
"M39907",0.288,0.0124714448016863
"M39552",0.407,0.00632019427759706
"M39582",0.568,0.0188247383071203
"M39720",0.001,0.000299739862662765
"M39652",0.041,0.00367008741468985
"M39856",0.001,0.00055970665298744
"M39854",0.001,0.00817123929195642
"M39882",0.001,0.0147379461447102
"M39435",0.001,0.000225330903969195
"M39418",0.773,0.00345646344050492
"M39546",0.714,0.00110322556113372
"M39594",0.007,0.00107908183280684
"M39747",0.001,0.0154668880317983
"M39829",0.001,0.0013020654800664
"M39804",0.002,6.56171088071902e-05
"M39459",0.622,0.0187552051092236
"M39401",0.001,0.000723135703399088
"M42544",0.003,0.0147437562520198
"M39741",0.002,0.0117938282285017
"M39493",0.817,0.0188247383071203
"M39367",0.001,0.00189653382615795
"M39463",0.001,0.00881817297483573
"M39808",0.001,0.00283693194472987
"M39421",0.002,0.007142905657322
"M39866",0.996,0.000157137245964631
"M27618",1,0.00190330725297445
"M39811",0.001,0.000657936996439562
"M39425",0.001,0.00564986071781414
"M39376",0.542,0.0188247383071203
"M39566",0.001,0.000481387238252484
"M39524",0.001,0.000794137455118318
"M39565",0.002,0.00205119891270088
"M39683",0.002,0.00153900208345353
"M39354",0.001,0.00221259865550028
"M39892",0.001,0.0091769057892665
"M39722",0.003,0.000259127371072984
"M40043",0.305,0.00926937157397663
"M39588",0.007,0.000778088343500759
"M40066",0.001,0.00390083517580055
"M39544",0.001,0.00507868765522715
"M39695",0.001,0.000707445576717007
"M39724",0.001,0.00730026656281137
"M39365",0.001,0.00478559915561172
"M39755",0.522,0.00370882939200061
"M42548",0.002,0.00109347590630158
"M39478",0.001,0.0173065987109978
"M39881",0.004,0.00153408501556149
"M39597",0.01,3.01062044117243e-05
"M38994",0.886,0.00050496664310143
"M39541",0.001,0.00533264780711409
"M40059",0.236,0.00250668995166304
"M39487",0.297,0.00930585057802626
"M39439",0.005,0.00696198765840456
"M39704",0.001,0.00283862464019257
"M39325",0.003,0.0109965777860086
"M39633",0.6,0.0187552051092236
"M39512",0.795,0.0129475133609666
"M39563",0.113,0.00444513553206006
"M39864",0.001,0.00179270899673875
"M39479",0.005,0.00356281661000985
"M42569",0.001,9.9255907012155e-05
"M39691",0.011,5.83605987421684e-05
"M39572",0.001,0.00118374660403406
"M39506",0.001,0.00125726780406624
"M39788",0.001,0.00231439169301613
"M39798",0.001,0.00245739770172526
"M39637",0.69,0.000539064610080846
"M39343",0.103,0.0121695837278505
"M39895",0.452,0.0124395314045885
"M42528",0.819,0.0193587075208481
"M39894",0.466,0.00945818582975422
"M39715",0.066,0.000505517650417264
"M39448",0.001,0.00103650852608484
"M39494",0.072,0.00918191012618886
"M39531",0.001,0.00246670325563225
"M39602",0.005,0.00175853217459991
"M39571",0.001,0.00332902633397029
"M42572",0.001,0.000281724532799485
"M39761",0.001,0.00348226370842807
"M39657",0.861,0.00957404207743256
"M39782",0.002,0.000509790255957538
"M39540",0.001,0.000677650878253469
"M39663",0.282,0.00337173449839908
"M39428",0.01,0.000105484151483038
"M39740",0.004,0.000216546914063779
"M39789",0.001,0.0117619148314038
"M42568",0.001,0.000450035940566986
"M39698",0.001,0.00155023368097732
"M39625",0.671,0.000198615848646751
"M39471",0.004,0.00244457301713114
"M39727",0.001,0.00113835408840566
"M42547",0.001,9.66176564658412e-05
"M39603",0.001,0.0049782528474172
"M39568",0.001,0.000310339592403624
"M42557",0.002,0.000838062800066603
"M39458",0.913,0.0064947920590277
"M39454",0.032,0.000461228610352167
"M39785",0.001,0.0110777698020918
"M39473",0.471,0.00740973497018113
"M39577",0.005,0.000176492037292041
"M42533",0.007,0.0120136193752739
"M39877",0.001,0.00107251456790903
"M39653",0.002,0.00349515654793785
"M39645",0.002,0.00212337779064811
"M39340",0.001,0.00223158502423888
"M39754",0.001,0.00391465460763642
"M39852",0.001,0.000621080148629509
"M39659",0.001,0.000992720998187068
"M39583",0.039,0.000418949343712467
"M40062",0.548,0.00139192077346734
"M39475",0.003,0.00012166689693331
"M39876",0.001,0.0181517026975992
"M42529",0.001,0.0167512143149421
"M39846",0.001,0.00676281796247549
"M39682",0.001,0.000960649851274199
"M39461",0.001,0.00274788093903192
"M39342",0.058,0.0183326531159229
"M39763",0.001,0.00423961842484949
"M39707",0.001,0.00213776883809262
"M39438",0.001,0.000634206226999249
"M39616",0.004,0.00101549301274664
"M39709",0.002,0.00399081435835388
"M39618",0.033,0.0089033464674045
"M39529",0.001,0.00444637634257346
"M39555",0.003,0.000725821130146417
"M39576",0.001,0.00431391346406092
"M39417",0.096,Inf
"M39738",0.001,0.000226966771981279
"M39795",0.001,0.0111085556559752
"M39345",0.001,0.00450209516200409
"M39445",0.001,0.00260815270959776
"M39547",0.001,0.00329969584750056
"M39350",0.001,0.000125781939071412
"M39801",0.002,5.35814604378447e-05
"M39567",0.265,0.00527593595121916
"M39542",0.325,0.00609548624544679
"M39427",0.81,0.0193587075208481
"M39579",0.304,0.00527593595121916
"M42534",0.018,0.00311941089793326
"M42532",0.695,0.0126775656842286
"M39636",0.001,0.00222305578187788
"M42531",0.009,0.00612465927729623
"M39865",0.468,0.00911703632224867
"M39355",0.003,0.00246580262098007
"M39642",0.001,0.000327372483728897
"M39812",0.189,0.00269088065365047
"M39873",0.001,0.00562482883018735
"M39766",0.034,0.00228864140882289
"M39765",0.142,0.00470706147546142
"M42567",0.001,0.0121376703307527
"M39408",0.001,0.00677231289924459
"M40051",0.001,0.00405034494672708
"M39847",0.045,0.0043155788016674
"M39403",0.001,0.000285762830576535
"M39893",0.001,0.0018513861697057
"M39533",0.001,0.00585074222143376
"M39750",0.001,0.000139072136381669
"M39690",1,0.00126560064750345
"M39824",0.001,0.0011360897868293
"M40046",0.018,0.000667143354016189
"M39745",0.001,0.00163514781517889
"M39491",0.995,0.000277010303588791
"M39794",0.001,0.00575573876883137
"M39845",0.001,0.00253664759071331
"M39562",0.001,8.14922766090687e-05
"M39759",0.001,0.0015084877855902
"M40065",0.001,0.011297560948864
"M39553",0.001,0.000230617013466138
"M42581",0.001,0.0173065987109978
"M39336",0.001,0.000256488872936006
"M39384",0.001,0.0043743128588323
"M40050",0.625,0.0187552051092236
"M40067",0.013,0.00111386009862993
"M42556",0.001,0.0177986839021952
"M39485",0.015,0.011439988079224
"M39504",0.001,0.00911703632224867
"M42558",0.001,0.00148576424561554
"M39806",0.76,0.000215807848002225
"M39803",0.002,0.0020557903733341
"M39400",0.004,7.59015047770494e-05
"M42562",0.001,0.016272990894448
"M39358",0.001,0.00444770627440672
"M39784",0.001,0.0143873850006186
"M39863",0.001,0.0143873850006186
"M27099",0.883,0.000116921792423934
"M39679",0.001,0.0120136193752739
"M42536",0.001,0.00451143376278975
"M39613",0.001,0.000161234170085724
"M39501",0.001,0.00716647532488738
"M39703",0.378,0.00205072091291358
"M39483",0.027,0.0182212358954959
"M39514",0.001,0.00757659215799597
"M39732",0.483,0.000348554580488126
"M40061",0.001,0.00807619973637448
"M39341",0.001,0.000308878248215286
"M39509",0.001,0.0171737663082428
"M39736",0.01,4.7136676111944e-05
"M39631",0.001,0.00911703632224867
"M39395",0.001,0.000538190503489697
"M39457",0.001,0.00142612820963021
"M39632",0.039,0.00212167650166865
"M40058",0.031,0.00918191012618886
"M39429",0.001,0.000508890128370017
"M39351",0.001,0.00118600535852081
"M39370",0.16,0.00828752121800576
"M39635",0.026,0.00162502104086154
"M39886",0.001,0.00113746940271403
"M39489",0.001,0.00545593806317789
"M39456",0.001,0.000169455812843914
"M39774",0.484,0.0124395314045885
"M39385",0.001,0.000450860981954028
"M39561",0.029,0.00508664179202726
"M39368",0.55,0.00926937157397663
"M39825",0.119,0.0122014971249483
"M39667",0.001,0.000104776319260727
"M39822",0.002,0.00110263199513878
"M39414",0.001,0.00337157255801477
"M39431",0.121,0.0182907690933926
"M39573",0.018,0.00696688822218864
"M39373",0.001,0.000274430507217338
"M39452",0.001,0.000422896366833711
"M39498",0.697,0.00637988206904449
"M42580",0.002,0.000277724535528852
"M39692",0.011,0.0039414043415174
"M39678",0.007,0.000197365345179958
"M39324",0.883,0.00770278569094234
"M39500",0.068,0.00234027668395294
"M39752",0.001,0.0100770989335129
"M39522",0.003,0.00491645363341028
"M39474",0.64,0.00072129053333489
"M39771",0.003,0.00217014603701898
"M39658",0.012,0.0069422282116915
"M39380",0.001,0.000313198386345185
"M39363",0.001,0.00287294939665276
"M39859",0.001,0.00393819015076805
"M39870",0.011,0.00391134839296651
"M39834",0.002,0.00033723293467485
"M39791",0.004,0.000469015614840092
"M39710",0.001,0.00131703498385707
"M39878",0.486,0.0124395314045885
"M39833",0.199,0.0122334105220462
"M39508",0.002,0.00166352535643863
"M39850",0.001,0.00137104198373315
"M39468",0.004,0.00336173122142972
"M39371",0.003,0.0119716066179974
"M39746",0.001,0.000293024543598142
"M39773",0.085,0.00197337843203806
"M39831",0.043,0.00408447540487796
"M39554",0.021,0.00153740453126723
"M39352",0.695,0.0126775656842286
"M39718",0.937,0.000963963675043306
"M39333",0.002,0.0071847182838104
"M42554",0.022,0.0025838020462528
"M39377",0.001,0.0167512143149421
"M39407",0.687,0.0127094790813265
"M39337",0.001,0.000805584563524104
"M39721",0.001,0.000433474261975289
"hsa00040",0.186,0.00417547773408821
"M39805",0.001,0.000295141521655628
"hsa00052",0.001,0.00134537841050954
"hsa00053",0.663,0.00751920337755089
"hsa00061",0.001,0.00378465894503686
"hsa00030",0.001,0.000973367383934856
"hsa00120",0.003,0.00720030950239671
"M39669",0.001,0.000488482165064351
"M39387",0.001,0.000415553754093677
"hsa00062",0.001,0.00334874282673442
"hsa00140",0.001,0.00215952891203765
"hsa00130",0.789,0.0188247383071203
"hsa00100",0.024,0.00652037848029879
"hsa00051",0.004,0.00153145994509488
"M39684",0.001,0.0001785804658437
"hsa00220",0.001,0.00321055980849267
"hsa00250",0.002,0.00101158738080298
"hsa00340",0.105,0.00370551570370113
"hsa00260",0.001,0.000756577700803342
"hsa00350",0.001,0.00240972752864964
"hsa00310",0.001,0.000872808169771998
"hsa00360",0.083,0.00933424537791682
"hsa00330",0.001,0.000778472174633631
"hsa00380",0.001,0.000966122924690296
"M39549",0.04,0.0029039282417288
"hsa00270",0.001,0.000542735455125839
"hsa00410",0.006,0.00179351675356033
"hsa00450",0.005,0.00409581419406585
"hsa00500",0.004,0.0025907169142462
"M39520",0.001,7.01048327966e-05
"M39601",0.997,0.00148704174216405
"hsa00514",0.949,0.00254291110387447
"hsa00512",0.435,0.00945818582975422
"hsa00511",0.001,0.00422555720232205
"M39434",0.001,8.23864594733949e-05
"M39432",0.001,5.45895143234613e-05
"hsa00563",0.001,0.0166955428877487
"hsa00531",0.001,0.00777331731448245
"hsa00510",0.001,0.000944226975571217
"hsa00513",0.001,0.00191420842217784
"hsa00561",0.001,0.00154807148029124
"hsa00565",0.001,0.0102702804960886
"hsa00590",0.001,0.00215483088588757
"hsa00592",0.74,0.0126775656842286
"hsa00603",0.847,0.0193587075208481
"hsa00520",0.001,0.00046084088580337
"hsa00071",0.005,0.000645190574919421
"hsa00604",0.599,0.0187552051092236
"hsa00630",0.001,0.00150933606790096
"hsa00240",0.001,0.000270344972601871
"hsa00730",1,0.00730026656281137
"hsa00600",0.001,0.00281488201755458
"hsa00650",0.001,0.00260703150984823
"hsa00750",0.546,0.0188247383071203
"hsa00740",0.441,0.0124395314045885
"hsa00790",0.022,0.00464333398707839
"hsa00770",0.716,0.00419439246808619
"hsa00920",0.002,0.00720676762753705
"hsa00670",0.001,0.00544897421364908
"hsa00640",0.001,0.000697658627227151
"hsa00910",0.057,0.0122014971249483
"hsa00900",0.008,0.00550391854397965
"hsa00830",0.001,0.00176989006693964
"hsa00760",0.001,0.000587772511808879
"hsa00860",0.001,0.00155706914339359
"hsa01040",0.01,0.00264833429047486
"hsa02010",0.749,0.00526985782077654
"hsa00983",0.001,0.000688611528343198
"hsa00620",0.001,0.000303020631489149
"hsa00564",0.001,0.000368675294016324
"hsa00980",1,0.00151669777639773
"hsa00970",0.006,0.00192827702804666
"hsa03020",0.01,0.0126695790428741
"hsa00982",1,0.00208346108756008
"M1081",0.992,0.00201428901210885
"hsa03060",0.001,0.00190307063742641
"hsa03410",0.007,0.00435884416408394
"hsa03022",1,0.00973745115090123
"hsa03040",0.01,0.0302177711262395
"hsa03440",0.001,0.00614452961296964
"hsa03450",0.001,0.0149886646113042
"hsa03460",0.001,0.00879993347281091
"hsa03430",0.004,0.00922403780147873
"M39725",0.004,0.000146785283059541
"hsa03030",0.996,0.00589623138221361
"hsa00480",0.993,0.00115186913292238
"M39662",0.002,6.64018252785191e-05
"hsa04060",0.796,0.00541970550799263
"hsa04061",0.628,0.0187552051092236
"hsa04010",0.01,3.02376747518523e-05
"hsa03320",0.002,0.000195475169095416
"hsa00280",0.001,7.73479512143553e-05
"hsa04015",0.1,7.93740830587207e-05
"hsa00020",0.071,0.00264085153092015
"hsa03008",0.954,0.00055495664029222
"hsa00230",0.006,0.000166492288517988
"hsa04080",0.003,0.00720676762753705
"hsa04020",0.002,0.000187091677103523
"M42538",0.468,0.000930682797561709
"hsa03420",0.075,0.0043155788016674
"M805",1,0.00431481338198129
"hsa04115",0.002,0.00187969370606517
"hsa04064",0.08,0.000251079606572178
"hsa04122",0.086,0.0182212358954959
"hsa03015",1,0.000632921044051615
"hsa04136",0.966,0.00283083971157659
"hsa04022",0.001,8.75428017698149e-05
"hsa03018",0.002,0.000159573089397422
"hsa04140",0.02,8.60255643051355e-05
"hsa00010",0.998,0.000636195086105644
"M39423",0.415,0.0002203697991197
"hsa04141",0.01,3.69101823779607e-05
"hsa04137",0.001,0.000421839311861608
"hsa04024",0.001,0.000141609902914185
"hsa00562",0.974,0.000295000783042857
"hsa04012",0.03,0.000487968435453756
"M4669",0.8,0.000151113030139699
"hsa04213",0.001,0.000321376155745807
"hsa04144",0.01,3.17853990057573e-05
"hsa04216",0.202,0.00178830301539971
"hsa04145",0.003,0.00016780679070977
"hsa04142",0.001,0.000141421494180669
"hsa04215",0.001,0.00298455582320237
"hsa04260",0.006,0.00188996982395065
"hsa04066",0.001,0.000119959867521987
"hsa04151",0.01,3.90792436926505e-05
"M39764",0.649,0.000101844944901389
"hsa04340",0.001,0.00290340753037715
"hsa04330",0.001,0.0019645629726197
"hsa04310",0.001,0.000180632647610504
"hsa04120",0.733,0.000167073424645048
"hsa00190",0.001,0.0278453949017328
"M510",1,0.0186602910112902
"hsa04392",0.306,0.00742151980396382
"hsa04070",0.998,0.000563598080672142
"hsa04110",0.001,0.000104139467902115
"hsa04114",0.001,0.000222672420204628
"hsa04350",0.001,0.00132071689572446
"hsa04014",0.254,8.91052156988679e-05
"hsa04217",0.001,0.000175923810870695
"hsa04530",0.01,5.25228723281392e-05
"hsa04370",0.001,0.000285613223199305
"hsa04072",0.241,0.000161538205642685
"hsa04514",0.003,0.000378621671338444
"hsa04211",0.056,0.000301693537622195
"hsa04512",1,0.00191000903581225
"hsa04071",0.006,0.000163495542235212
"hsa04218",0.003,0.000147065298726194
"hsa04614",0.006,0.00195416058566632
"hsa04612",0.002,0.00125850401875403
"hsa04261",0.003,0.000183446138846649
"hsa04068",0.977,0.000344958133394134
"hsa04623",0.001,0.00345970272117094
"hsa04152",0.003,0.000137598921850023
"hsa04270",0.001,9.84862928938974e-05
"hsa04390",0.021,0.000219431386041006
"hsa04550",0.001,0.000832824619690653
"hsa04640",0.01,0.00208008684719515
"hsa04540",0.001,0.000161029942582725
"hsa04510",0.03,0.000158067407364534
"hsa04146",0.999,0.00268867579155683
"hsa04622",0.007,0.000445727401638844
"hsa04658",0.001,0.000582250174144766
"hsa04659",0.001,0.000196457561823696
"hsa04380",0.001,9.0450748288144e-05
"hsa04710",0.001,0.00709501315920239
"hsa04520",0.874,0.000451410857823478
"hsa04672",0.001,0.341425113553835
"M27672",0.991,0.00562341385518648
"M39639",0.997,0.00143402683691774
"hsa04150",0.962,0.000364729441658117
"hsa04657",0.001,0.000236583702746738
"hsa04630",0.001,0.000355073770376463
"hsa04371",0.079,0.000169329190230856
"M27399",0.982,0.0066536477277056
"hsa04721",0.001,0.0010755589350138
"hsa04727",0.154,0.00194422718618855
"hsa04611",0.002,7.19004509722933e-05
"hsa04740",0.76,0.00315674800301948
"hsa04742",0.021,0.0122516536549141
"hsa04625",0.002,0.000159223054713527
"hsa04750",0.001,0.000220496801824521
"hsa04210",0.135,0.000153529637088926
"hsa04720",0.001,0.000239049174941973
"hsa04911",0.001,0.000828740695771109
"hsa04662",0.002,0.000208460914080268
"hsa04730",0.001,0.000388365836336629
"hsa04666",0.003,0.000120837247702394
"hsa04913",0.018,0.00284121127432897
"hsa04810",0.03,5.75806113190465e-05
"hsa04713",0.66,0.00055500042755013
"hsa04613",0.001,9.70091341252402e-05
"hsa04918",0.001,0.000655337715941741
"hsa04130",0.656,0.0134859589058546
"hsa04920",0.001,0.000543355495271464
"hsa04914",0.001,0.000335414708447288
"hsa04923",0.001,0.00212922860110357
"hsa04664",0.001,0.000158910776814737
"hsa04620",0.002,8.87810469066692e-05
"M29594",0.975,0.00409051177289891
"hsa04924",0.001,0.0010760314430517
"hsa04927",0.001,0.00140225174232285
"hsa04925",0.001,0.000444958518102404
"hsa04930",0.002,0.0025168938449637
"hsa04916",0.001,0.000336560730180436
"hsa04670",0.007,8.32361391556771e-05
"M748",0.989,0.00643364365698243
"hsa04917",0.001,0.000442896270150971
"hsa04960",0.001,0.00284735810561864
"hsa04668",0.001,8.43766712691024e-05
"hsa04610",0.001,7.26701200498422e-05
"hsa04724",0.039,0.000388633172839725
"hsa04728",0.004,0.000156090505683843
"hsa04961",0.001,0.00117482315935908
"hsa04966",0.568,0.00853924339236612
"hsa04964",0.904,0.00473849012288985
"hsa04360",0.011,9.77425610716583e-05
"hsa04929",0.001,0.000713656334010192
"hsa04714",0.92,0.000210459169987992
"hsa04621",0.001,4.31119377198521e-05
"hsa04962",0.017,0.0025838020462528
"hsa04970",0.001,0.000658538594651728
"hsa04972",0.001,0.000791874922843135
"hsa04973",0.001,0.00353145193255721
"hsa04975",0.016,0.00464018953302319
"hsa04976",0.001,0.0025836769786259
"hsa04971",0.001,0.000538066076741846
"hsa04978",0.355,0.00337290463290954
"hsa05030",0.001,0.00505257110047344
"hsa04650",0.951,0.000396829532540812
"hsa04979",0.001,0.000881586295060051
"hsa05031",0.001,0.00125137234294536
"hsa03013",0.908,0.000149398738044179
"hsa05110",0.967,0.00192151864181196
"hsa04928",0.001,0.000193330166348746
"hsa04974",0.997,0.00222386073071168
"hsa04723",1,0.00583140083560596
"hsa05120",0.001,0.000720420875811186
"hsa04934",0.001,0.000283701704152866
"hsa04660",0.011,0.00020054447050241
"hsa05032",0.408,0.00168739017497545
"hsa05134",0.001,0.000579027877186502
"hsa04922",0.001,0.000157402492919523
"hsa05143",0.001,0.0033140317419581
"hsa04919",0.003,0.000202760460230929
"hsa04722",0.965,0.00022633199926614
"hsa05131",0.01,2.98003841384633e-05
"hsa05034",0.001,0.000334402252935217
"hsa05144",0.001,0.00158790802058163
"M26975",1,0.0155706384035065
"hsa05133",0.001,0.000662385914053704
"hsa05140",0.001,0.000484582464647767
"hsa04931",0.001,0.0001004839314932
"hsa05150",0.001,0.00103141821637626
"hsa04726",0.01,0.000369095747732137
"hsa04932",0.01,0.000220829560775963
"hsa05146",0.001,0.000371059666943947
"hsa05130",0.01,4.28268392184271e-05
"hsa05132",0.01,3.06737844357935e-05
"hsa05170",0.01,4.39092887859159e-05
"hsa04933",0.001,0.000132672143747353
"hsa05169",0.01,3.36555929332768e-05
"hsa04912",0.006,0.000144744997551768
"hsa05204",0.385,0.00272506249944974
"hsa04936",0.001,9.24294278628578e-05
"hsa05202",0.001,0.000368976833979918
"hsa05142",0.001,0.000216204637173515
"hsa05145",0.001,0.000114433017257912
"hsa05165",0.01,3.01839753287991e-05
"hsa04915",0.004,0.000152717944902697
"hsa04921",0.001,8.25606148819859e-05
"hsa05163",0.01,4.28050246158768e-05
"hsa05205",0.02,4.68062610745935e-05
"hsa05217",0.104,0.0121695837278505
"hsa05152",0.001,9.2687455435153e-05
"hsa05216",0.005,0.00332141845464693
"hsa05219",0.003,0.00188131408548001
"hsa05218",0.001,0.000682718904249755
"hsa04935",0.001,0.000100834573210452
"hsa04725",0.001,0.00019961755923665
"hsa05162",0.002,7.9011050793483e-05
"hsa05213",0.001,0.000306271767959278
"hsa05135",0.001,6.62110240124862e-05
"hsa05211",0.003,0.000363778080094185
"hsa05221",0.001,0.000539885863809384
"hsa05223",0.001,0.000245982713264394
"hsa05321",0.001,0.00553808574521039
"hsa05322",0.001,0.00157008809890965
"hsa05340",0.721,0.0124076180074907
"hsa05100",0.008,0.000202759186863719
"hsa05220",0.001,0.00010843970605122
"hsa05323",0.017,0.00498861820927005
"hsa05017",0.048,0.000239350620176323
"hsa05222",0.001,0.000379179316180193
"M39406",0.43,0.000825622106130774
"hsa05224",0.001,0.000275656925011352
"hsa05208",0.03,0.00012150423641543
"hsa05166",0.001,7.79205408835556e-05
"hsa05230",0.001,0.000234694509066772
"hsa05160",0.001,6.24259954801477e-05
"hsa05410",0.001,0.000591196785091659
"hsa05214",0.001,0.000399160769592427
"hsa05416",0.001,0.00110560553041847
"hsa05412",0.002,0.000469256309762895
"hsa05226",0.001,0.000187502009075599
"hsa04910",0.002,9.18424016939263e-05
"hsa05168",0.002,0.000101674234093761
"hsa05414",0.001,0.000634254479649215
"hsa05231",1,0.000377890303954496
"hsa05164",0.003,9.632981015109e-05
"hsa05012",0.01,4.09717105821011e-05
"hsa05212",0.001,0.000124409202238177
"hsa05207",0.015,0.000208887206658356
"hsa05161",0.004,4.98553729416944e-05
"hsa05167",0.001,7.79584126713381e-05
"hsa05417",0.01,2.95277862928885e-05
"hsa05418",0.001,9.34827218322316e-05
"hsa05210",0.001,0.000122236713490432
"hsa05225",0.008,0.000301079323241545
"M27396",1,0.0119582538871173
"hsa05203",0.001,3.08755506406191e-05
"hsa05235",0.013,0.000236264848104939
"hsa04926",0.087,0.000187120258902902
"hsa05206",0.099,0.000134952369308132
"hsa04062",0.009,0.000126879491158272
"hsa05020",0.01,3.75988910442973e-05
"hsa05215",0.001,8.06694966483264e-05
"M27601",0.911,0.0155313164985545
"M39436",1,0.0020447642182163
"hsa05415",0.01,7.63902566321092e-05
"M747",1,0.00955253231201984
"M998",0.938,0.00515536271872958
"M27670",0.943,0.0171865895352044
"M27809",1,0.00719881251180867
"M39781",0.976,0.00802157313851659
"M4953",1,0.0187680283361853
"M27621",0.919,0.0111298417103846
"M725",0.001,Inf
"hsa03010",0.01,Inf
"hsa05171",0.001,7.12340009269325e-05
"M27876",0.99,0.00208300880898364
"M39495",0.907,0.0124714448016863
"M29813",0.977,0.00736184247206152
"M27170",0.999,0.00195909374384187
"M27446",0.008,Inf
