pathway,pvalue,dist
M1825,0.001,0.387800447
M27213,0.001,0.385294301
M643,0.001,0.125363801
M26996,0.001,0.38305358
M26946,0.001,0.209761773
M27765,0.049,0.172665938
M970,0.001,0.268435031
M27146,0.001,0.2705445
M27488,0.001,0.386822806
M700,0.001,0.272419247
M626,0.068,0.215368377
M27947,0.001,0.381581597
M27500,0.011,0.215262076
M26958,0.001,0.280495497
M524,0.016,0.277685092
M703,0.001,0.213686403
M702,0.001,0.126031053
M26902,0.001,0.110152276
M17243,0.001,0.169521971
M18193,0.001,0.145144391
M38998,0.001,0.380016592
M592,0.001,0.088207573
M975,0.001,0.144362732
M721,1,Inf
M27449,0.001,0.276194223
M42522,0.04,0.12826228
M188,0.001,0.207465479
M27095,0.001,0.268322653
M3862,0.001,0.109094752
M27292,0.015,0.274293993
M27114,0.001,0.270098509
M26955,0.001,0.389063527
M27024,0.001,0.386822806
M27948,0.001,0.03498826
M17814,0.001,0.023520589
M11980,0.001,0.081880596
M26976,0.001,0.0183046
M27161,0.078,0.109870745
M1018,0.001,0.272419247
M811,0.001,0.380011213
M27478,1,Inf
M27627,0.001,0.02206976
M9990,0.005,0.143298605
M10679,0.001,0.381097429
M26909,0.001,0.081796584
M27958,0.001,0.033924248
M27793,0.001,0.385294301
M27033,0.001,0.384286053
M27836,0.001,0.274874687
M27839,0.323,0.129583278
M27658,0.021,0.215262076
M1062,0.001,0.109417912
M27172,0.001,0.03144709
M708,0.001,0.381762959
M794,0.001,0.208416212
M801,0.01,0.208853015
M495,0.001,0.0134072
M27140,0.001,0.02734907
M27481,0.001,0.268464526
M796,0.001,0.126551517
M2341,0.001,0.011031425
M27934,0.001,0.060171451
M4974,0.001,0.075833058
M27700,0.001,0.212389226
M27722,0.001,0.38305358
M27725,0.001,0.392467506
M26904,0.001,0.380627242
M27254,0.001,0.10930235
M27298,0.001,0.268031813
M920,0.001,0.125396286
M27890,0.033,0.277104399
M499,0.001,0.046353653
M27889,0.213,0.128984845
M27086,0.001,0.145097568
M27917,0.001,0.280495497
M10320,0.09,0.004623335
M998,1,Inf
M27738,0.049,0.215716455
M27106,0.001,0.379207214
M3871,0.003,0.037855388
M601,0.001,0.059889308
M26910,0.001,0.272177936
M26943,0.001,0.099003243
M934,0.001,0.212004776
M27152,0.001,0.016575621
M866,0.001,0.274114796
M27098,0.002,0.14615824
M749,0.001,0.028633676
M26947,0.001,0.268177869
M29839,0.061,0.216383403
M27828,0.006,0.050384995
M3634,0.227,0.065212403
M907,0.001,0.080585372
M17694,0.001,0.031374573
M27339,0.001,0.280495497
M29837,0.001,0.097879014
M27434,0.001,0.098627874
M780,0.001,0.385294301
M27454,0.002,0.017152911
M27485,0.001,0.06915277
M41809,0.001,0.002756485
M13897,0.001,0.169629282
M27473,0.001,0.076180841
M840,0.001,0.060007354
M27288,0.001,0.004091047
M902,0.014,0.27540885
M27379,0.022,0.214701429
M26991,0.001,0.383822318
M27619,0.112,0.278799948
M27708,0.001,0.143151491
M27937,0.001,0.143323352
M820,0.001,0.028635833
M16312,0.02,0.002818665
M27838,0.004,0.269053632
M27480,0.001,0.034011902
M897,0.001,0.011148841
M4953,0.001,0.207641096
M29830,0.001,0.026130144
M758,1,0.030339638
M19832,0.001,0.006585356
M27466,0.001,0.269652518
M27396,0.001,0.109718797
M797,0.001,0.12684347
M19248,0.001,0.009498359
M27542,0.001,0.386822806
M784,0.001,0.124556941
M15303,0.001,0.001412732
M27084,0.001,0.384286053
M27087,0.001,0.381581597
M11725,0.001,0.047563094
M27188,0.001,0.002029914
M27935,0.001,0.001722055
M27166,0.001,0.209116213
M27182,0.001,0.268057129
M27321,0.001,0.026971352
M27621,1,0.270573412
M29814,0.001,0.382045332
M17879,0.001,0.063979411
M16227,0.001,0.170376681
M29701,0.001,0.380260417
M41837,0.001,0.00315625
M27681,0.02,0.213338326
M27558,0.001,0.056162726
M27096,0.001,0.273179137
M9694,0.001,0.381262756
M678,0.001,0.064823814
M559,0.001,0.208179118
M27363,0.001,0.379207214
M1044,0.001,0.381097906
M1078,0.001,0.268711091
M10546,0.001,0.271892949
M29668,0.001,0.380541003
M27773,0.001,0.392467506
M26982,0.001,0.381057597
M26926,0.001,0.385294301
M651,0.001,0.173121519
M837,0.001,0.143502864
M27103,0.001,0.010113835
M8245,0.013,0.380524605
M26907,0.001,0.124765367
M27164,0.001,0.169908039
M5650,0.001,0.050980365
M27818,0.001,0.074503727
M6591,0.001,0.386822806
M27591,0.001,0.269047337
M16289,0.001,0.111486143
M27193,0.001,0.380016592
M808,0.001,0.068605591
M27656,0.001,0.143789111
M27113,0.001,0.20818219
M889,0.001,0.268581087
M27483,0.001,0.272779079
M938,0.001,0.006547411
M27812,0.001,0.074508969
M27484,0.54,0.003597207
M512,0.001,0.019567447
M27697,0.02,0.003096724
M751,0.002,0.041311732
M2843,0.001,0.005910202
M27272,0.001,0.030511728
M18334,0.001,0.081606346
M11153,0.001,0.045291701
M27258,0.001,0.380425771
M27263,0.001,0.379652244
M39001,0.001,0.270928378
M39000,0.007,0.276925202
M26953,0.001,0.011964963
M42527,0.001,0.033753927
M27248,0.001,0.268322653
M41831,0.97,0.008034034
M557,0.001,0.277104399
M38996,0.001,0.11078254
M27243,0.001,0.143518626
M26981,0.001,0.145795197
M29840,0.001,0.011964923
M27360,0.001,0.144017747
M27465,0.207,0.045129893
M27227,0.117,0.21109567
M27046,0.001,0.01068877
M27468,0.001,0.081887238
M27274,0.001,0.09792278
M13492,0.001,0.143683215
M27752,0.005,0.02763266
M27546,0.001,0.053909913
M27275,0.001,0.008216645
M27470,0.622,0.143268882
M27428,0.001,0.069272942
M27554,0.001,0.004393692
M27244,0.001,0.017283964
M27171,0.001,0.208683809
M27702,0.121,0.147805466
M27399,0.001,0.169709302
M27712,0.001,0.124287406
M27563,0.001,0.169556706
M2158,0.001,0.029432118
M27400,0.001,0.380722459
M550,0.001,0.008327166
M27151,0.001,0.144899225
M27257,0.001,0.043495623
M29829,0.001,0.013788262
M27303,0.001,0.099634004
M26930,0.001,0.37858111
M549,0.006,0.208586462
M27756,0.001,0.056140355
M27191,0.001,0.037737226
M669,0.001,0.068601727
M628,0.001,0.059822176
M27582,0.04,0.033681987
M29724,0.001,0.00780452
M17386,0.001,0.088783758
M994,0.001,0.382155746
M27510,0.001,0.27111245
M522,0.001,0.002980268
M39005,0.001,0.045505396
M6768,0.001,0.088624308
M19752,0.001,0.008368015
M4280,0.001,0.171197581
M12123,0.001,0.127787977
M27163,0.361,0.007896079
M27156,0.001,0.270197399
M26945,0.001,0.276925202
M27129,0.001,0.280495497
M29854,0.001,0.064164787
M29808,0.001,0.081852434
M11184,0.001,0.112076722
M779,0.001,0.033692975
M525,0.001,0.214995522
M27111,0.005,0.146791305
M27601,1,Inf
M16597,0.001,0.143793184
M27763,0.001,0.030388479
M27309,0.001,0.143195916
M27875,0.001,0.143013519
M27310,0.001,0.380241475
M8410,0.001,0.208508815
M27343,0.001,0.380425771
M26928,0.013,0.173270402
M29536,0.019,0.112541845
M13408,0.001,0.056323771
M27177,0.001,0.37950858
M26969,0.001,0.012253037
M27476,1,0.010830975
M27952,0.001,0.063894229
M19861,0.001,0.143452845
M14663,0.001,0.268161649
M27686,1,Inf
M27311,0.001,0.02682681
M641,0.001,0.020862756
M29556,1,Inf
M27651,0.001,0.015863966
M941,0.001,0.002733581
M729,0.001,0.038029752
M14990,0.001,0.143453669
M27854,0.5,0.00330856
M839,0.001,0.012250238
M27794,0.001,0.00134596
M27108,0.001,0.268676222
M27308,0.001,0.014144114
M27206,0.001,0.041290569
M27589,0.001,0.043176138
M27253,0.001,0.008754421
M27097,0.001,0.011805157
M29842,0.001,0.041170306
M1002,0.001,0.013308387
M41721,0.014,0.125109715
M27297,0.001,0.109552111
M41724,0.001,0.074196322
M661,0.001,0.056187831
M27189,0.005,0.210494505
M1017,0.001,0.003082963
M27599,1,Inf
M27544,0.014,0.27540885
M27946,0.001,0.170920624
M27940,0.001,0.169789379
M27941,0.001,0.080999925
M27317,0.001,0.387226297
M29803,0.001,0.023427581
M27205,0.001,0.0179834
M805,1,Inf
M27506,0.001,0.275989543
M9648,0.001,0.208971425
M595,0.001,0.016382438
M27101,0.001,0.036350672
M2844,0.001,0.012095259
M13115,0.001,0.380179209
M19312,0.001,0.109574998
M27175,0.001,0.001700461
M631,0.001,0.012243763
M27938,0.001,0.007669601
M600,0.001,0.003458913
M10450,0.001,0.379652244
M927,0.001,0.384429718
M27676,0.001,0.277104399
M1040,0.001,0.04516276
M27874,0.001,0.039509217
M800,0.017,0.006808263
M12484,0.091,0.110329121
M532,0.001,0.088512482
M27207,0.001,0.053255376
M27649,0.001,0.0036832
M27698,0.001,0.027713247
M26993,0.001,0.05694445
M14309,0.001,0.068933447
M14981,0.001,0.171051126
M15243,0.001,0.379505132
M657,0.001,0.20813335
M976,0.001,0.388793498
M4904,0.001,0.03946109
M27820,0.001,0.02439314
M27076,0.001,0.389063527
M17787,1,0.217398429
M27851,0.001,0.125236584
M630,0.001,0.175915252
M27028,0.001,0.268762792
M587,0.001,0.001765799
M27657,0.001,0.280495497
M19193,0.001,0.143061724
M27236,0.001,0.210286012
M11575,0.001,0.381057564
M27247,0.001,0.143648997
M26972,0.001,0.01832302
M27857,0.001,0.053145467
M576,0.001,0.03274752
M13748,0.001,0.023560985
M27352,0.001,0.207631507
M791,0.001,0.059883337
M26911,0.001,0.00755719
M26983,0.001,0.123821118
M27293,0.001,0.064835134
M16523,0.001,0.056087764
M519,0.001,0.12429938
M27672,0.001,0.032503288
M1443,0.001,0.074345972
M27849,0.022,0.379729408
M27840,0.098,0.216383403
M868,0.001,0.006144425
M1009,0.001,0.380792348
M27570,1,Inf
M27232,0.009,0.064016872
M27059,0.001,0.268186965
M27219,0.001,0.010207977
M27060,0.001,0.275989543
M1877,0.116,0.043538713
M41833,0.001,0.020518896
M773,0.007,0.01733528
M692,0.001,0.043332189
M10775,0.001,0.109444065
M27497,0.772,0.036645137
M27439,0.02,0.143339636
M695,0.003,0.009017701
M507,0.001,0.045790236
M636,0.001,0.125209026
M685,0.001,0.380179209
M27390,0.001,0.38305358
M666,0.015,0.128307054
M27252,0.001,0.063945713
M660,0.002,0.174472847
M26960,0.094,0.216383403
M27201,0.001,0.008067812
M29568,0.292,0.378909695
M27230,0.001,0.045168067
M27612,0.001,0.379155259
M27349,0.001,0.380627242
M27131,0.001,0.007024581
M27255,0.001,0.041125103
M27594,0.001,0.268280964
M41830,0.001,0.099661467
M928,0.001,0.11260069
M1003,0.001,0.207618332
M27648,0.001,0.019476348
M1072,0.001,0.04169981
M29816,0.003,0.044463476
M1015,0.003,0.11037257
M27781,0.001,0.380053093
M39003,0.001,0.379865909
M27888,0.001,0.003126638
M29617,0.001,0.064190961
M27584,0.039,0.124108126
M27198,0.001,0.076210006
M27933,0.001,0.268285863
M6121,0.001,0.124601182
M29806,0.001,0.14674134
M14804,0.001,0.012274423
M1051,0.001,0.209779349
M706,0.946,0.004529377
M877,0.001,0.2082746
M19381,0.001,0.002036028
M27383,0.014,0.212004429
M18437,0.001,0.008009389
M27751,0.55,0.00285882
M518,0.996,0.011774766
M27408,0.001,0.056244996
M27605,0.006,0.143401235
M8240,0.001,0.005897431
M29805,0.001,0.009539834
M27858,0.001,0.379468311
M5113,0.001,0.03636122
M27893,0.025,0.379729408
M27897,0.001,0.270928378
M27894,0.001,0.014317109
M26964,0.001,0.017059354
M715,0.001,0.022421732
M5283,0.001,0.003022558
M27860,0.001,0.384396468
M27381,0.001,0.012099115
M27873,0.001,0.145492759
M29804,0.004,0.007139269
M542,0.001,0.16997016
M27604,0.001,0.143016026
M1014,0.067,0.379729408
M27592,0.001,0.109445738
M760,0.001,0.047571076
M921,0.001,0.380425771
M1870,0.001,0.020872768
M1030,0.001,0.027607647
M4076,0.23,0.004877692
M1012,0.001,0.056417331
M935,0.001,0.379468311
M971,0.046,0.024196066
M27467,0.005,0.010366881
M14766,0.001,0.036273427
M27460,0.001,0.021850665
M27240,0.001,0.210552565
M27464,0.001,0.171684185
M27282,0.001,0.023948795
M27577,0.001,0.209555115
M859,0.001,0.207974907
M1080,0.001,0.023402484
M965,0.062,0.009521086
M690,0.001,0.081287112
M670,0.006,0.123986524
M27706,0.001,0.387800447
M691,0.001,0.2708584
M29844,0.001,0.379207214
M899,0.76,0.005193414
M959,0.001,0.380892746
M997,0.002,0.008207663
M27846,0.001,0.099675362
M42519,0.001,0.390226785
M27936,0.028,0.379729408
M27115,0.001,0.390226785
M27949,0.001,0.27072837
M962,0.001,0.030507649
M26916,0.001,0.098567645
M29766,0.001,0.209203449
M27780,0.001,0.143224488
M27228,0.001,0.384582084
M27680,0.002,0.127739545
M27567,0.003,0.2079045
M7455,0.001,0.011241239
M26896,0.001,0.387800447
M27176,0.001,0.379501561
M39011,0.001,0.276925202
M39012,0.001,0.280495497
M620,0.001,0.037967457
M39013,0.001,0.386822806
M15195,0.001,0.028474263
M42520,0.001,0.148554132
M27901,0.051,0.100429002
M27903,0.001,0.392467506
M41728,0.001,0.060019833
M27776,0.001,0.268349241
M27640,0.001,0.0036832
M27775,0.001,0.384582084
M27740,0.001,0.379501561
M1011,0.001,0.080754249
M27079,0.001,0.024048003
M914,0.001,0.021346931
M1061,0.001,0.123988752
M27644,0.009,0.272064281
M27777,0.02,0.379795909
M27461,0.001,0.111957232
M27382,0.001,0.004608476
M27169,0.002,0.213232024
M29836,0.001,0.001429077
M27102,0.001,0.099461553
M27104,0.052,0.057156522
M27855,0.001,0.126012106
M27085,0.016,0.088335821
M27081,0.012,0.054733849
M27216,0.001,0.06413306
M27622,0.001,0.274874687
M18795,0.013,0.089415492
M1088,0.001,0.081195788
M18311,0.001,0.004441128
M27543,0.433,0.27540885
M27652,0.001,0.037934406
M26967,0.003,0.101249982
M27580,0.001,0.088874093
M27832,0.06,0.004891166
M41838,0.001,0.273354906
M27472,0.61,0.002989945
M27424,0.001,0.1476545
M17034,0.157,0.008726134
M27772,0.001,0.039469096
M27442,0.001,0.268809766
M27719,0.003,0.272333088
M29689,0.001,0.017345479
M27778,0.001,0.024073211
M27816,0.001,0.064045996
M712,0.001,0.110014356
M14690,0.002,0.029935302
M27642,0.001,0.041595353
M29822,0.001,0.280495497
M27661,0.001,0.172267262
M27928,0.19,0.212004429
M15096,0.001,0.388656401
M27418,0.001,0.03950872
M27093,0.001,0.00878986
M27609,0.448,0.008472608
M27709,0.001,0.275989543
M19582,0.001,0.274874807
M705,0.001,0.002316146
M27160,0.003,0.143549109
M27134,0.001,0.017288889
M26973,0.001,0.007568749
M966,0.375,0.145258609
M853,0.001,0.208778043
M979,0.001,0.097987406
M27954,0.001,0.386822806
M3492,0.001,0.109489677
M27333,0.001,0.392467506
M26997,0.492,0.11037257
M26999,0.001,0.006596492
M2881,0.001,0.053062544
M7169,0.001,0.08999978
M27011,0.001,0.274783661
M27764,0.078,0.171173946
M918,0.001,0.032585173
M27650,0.001,0.01416347
M27251,0.609,0.006113731
M12347,0.001,0.068830274
M41735,0.001,0.275989543
M872,0.003,0.003400182
M27526,0.001,0.109454278
M27527,0.001,0.123858425
M27528,0.001,0.123858425
M27568,0.001,0.379951797
M11187,0.001,0.041321453
M27529,0.001,0.123858425
M27233,0.001,0.007373323
M27944,0.001,0.12609942
M27645,0.001,0.169887912
M27380,0.159,0.214353351
M913,0.002,0.04524821
M529,0.002,0.007432939
M27654,0.001,0.001919474
M26914,0.001,0.389063527
M27616,0.001,0.041594093
M985,0.001,0.023466969
M957,0.001,0.384794066
M27446,1,Inf
M27931,0.645,0.110054477
M29793,0.001,0.045503992
M875,0.001,0.028643799
M27094,0.001,0.21424705
M915,0.002,0.209779349
M27921,1,Inf
M4281,0.001,0.09125032
M27089,0.001,0.064295017
M16441,0.001,0.034907612
M13015,0.001,0.388150319
M27210,0.001,0.144151425
M27159,0.001,0.379468311
M27879,0.001,0.07443984
M27882,0.001,0.38869828
M752,0.02,0.003012685
M27560,0.001,0.036459004
M27880,0.001,0.097780566
M27881,0.001,0.268785703
M735,0.001,0.001244207
M29809,0.001,0.380053093
M27378,0.109,0.278799948
M1059,0.001,0.036366248
M7257,0.002,0.171032415
M42525,0.001,0.053800545
M27942,0.01,0.143730615
M29790,0.001,0.059774325
M27000,0.002,0.022903305
M29777,0.001,0.028462397
M11215,0.001,0.008818949
M27426,0.001,0.034969478
M571,0.001,0.050836462
M8276,0.001,0.033860941
M27829,0.001,0.057151319
M27482,0.001,0.02947657
M6177,0.001,0.098238504
M27831,0.001,0.053049271
M152,0.001,0.010127766
M27859,0.001,0.207996985
M977,0.001,0.018679918
M10959,0.001,0.09002277
M27385,0.001,0.061623341
M546,0.001,0.050141576
M27190,0.001,0.036277377
M1441,0.001,0.207753662
M14582,0.002,0.268316801
M27579,0.001,0.019101044
M18175,0.014,0.1431936
M1005,0.001,0.143639381
M27895,0.001,0.013315261
M1074,0.001,0.008091489
M7927,0.001,0.14430488
M27682,0.001,0.123731632
M11773,0.001,0.169270069
M27588,0.001,0.380250879
M29846,0.001,0.267591674
M27416,0.001,0.082460652
M27211,0.001,0.015135975
M27626,0.233,0.041206934
M792,0.001,0.064494117
M27455,0.045,0.175741158
M27835,0.028,0.128386411
M9400,0.001,0.004424706
M611,0.001,0.026958208
M27850,0.001,0.280495497
M27167,0.001,0.381525075
M27186,0.001,0.009778639
M27737,0.001,0.386822806
M27915,0.001,0.207558082
M848,0.001,0.001132247
M714,0.001,0.380053093
M738,0.001,0.017036818
M27822,0.001,0.003054314
M2286,0.002,0.059809657
M777,0.001,0.001403437
M27655,0.029,0.127426695
M649,0.02,0.002366971
M27587,0.001,0.052992537
M27673,0.001,0.016078508
M27462,0.001,0.208267358
M27841,0.001,0.145263399
M29582,0.001,0.007416227
M759,0.003,0.14376489
M27419,0.001,0.088447936
M4138,0.001,0.019869613
M27842,0.001,0.064746257
M12289,0.001,0.110402333
M9450,0.001,0.088994644
M27847,0.001,0.047716273
M26971,0.001,0.20869664
M924,0.002,0.110523472
M919,0.001,0.126252604
M1073,0.001,0.214084042
M18788,0.998,0.0164603
M614,0.001,0.124692164
M27674,0.001,0.007079584
M26985,0.001,0.038560209
M27660,0.001,0.006360863
M27082,0.074,0.215368377
M19135,0.001,0.124034693
M29819,0.001,0.384582084
M27235,0.008,0.268446637
M590,0.001,0.0139141
M916,0.001,0.01849338
M27819,0.001,0.268280964
M552,0.001,0.274114796
M622,0.001,0.207631507
M607,0.001,0.022871967
M27782,0.001,0.065127492
M27562,0.001,0.389063527
M27355,0.001,0.386822806
M39007,0.207,0.010860989
M10735,0.001,0.030390258
M27038,0.001,0.20807919
M27617,0.001,0.025697335
M27218,0.001,0.018728269
M27732,0.01,0.276925202
M27734,0.001,0.088271529
M842,0.001,0.110963148
M10654,0.001,0.385294301
M814,0.001,0.16938933
M27032,0.978,0.021046265
M27689,0.001,0.267876662
M29838,0.001,0.03561491
M27445,0.015,0.070293471
M41805,0.001,0.060443266
M26917,0.001,0.111081502
M17157,0.001,0.043260743
M923,0.001,0.125062928
M41810,0.02,0.001953024
M5485,0.981,0.005983952
M17670,0.016,0.380524605
M27955,0.001,0.275989543
M29526,0.001,0.274498674
M38995,0.001,0.081303428
M27789,0.001,0.173200071
M27932,0.03,0.003979875
M27290,0.001,0.172760772
M27872,1,0.002448576
M4862,0.001,0.385294301
M27326,0.408,0.145891673
M41819,0.001,0.007248993
M2661,0.001,0.381581597
M27572,0.001,0.011822109
M41834,0.001,0.213143298
M27590,0.001,0.169512369
M27771,0.549,0.011763981
M17541,0.001,0.172258266
M41811,0.001,0.007124689
M27348,0.001,0.385294301
M27665,0.001,0.013691211
M27376,0.01,0.2705445
M27945,0.038,0.108907036
M26924,0.001,0.274114796
M14966,0.001,0.390226785
M27212,0.001,0.03259145
M27950,0.001,0.208433788
M27107,0.001,0.004605647
M27229,0.001,0.210286012
M982,0.002,0.268161649
M942,0.005,0.144063076
M27556,0.001,0.028499785
M783,0.001,0.170153041
M27215,0.001,0.004029669
M27557,0.001,0.097774889
M41804,0.001,0.016164138
M27814,0.001,0.26978461
M713,0.001,0.031454367
M27939,0.001,0.379762659
M748,0.795,0.386822806
M537,0.001,0.169431078
M716,0.001,0.207428118
M1029,0.001,0.124739562
M27571,0.001,0.10008325
M27231,0.875,0.003344511
M27788,0.001,0.269917118
M27900,0.002,0.025484506
M903,0.001,0.268797129
M27638,0.001,0.213125722
M27001,0.001,0.02949041
M29583,0.001,0.380541003
M891,0.001,0.014350838
M27646,0.001,0.00223587
M27639,0.001,0.089101103
M26977,0.001,0.209678959
M29565,0.001,0.001525334
M490,0.001,0.024193328
M27402,0.001,0.379501561
M27250,0.001,0.031312006
M41832,0.505,0.035183157
M27641,0.001,0.015028576
M29832,0.001,0.2708584
M27809,0.055,0.097773917
M29824,0.001,0.065421467
M27498,0.001,0.001193384
M27541,0.457,0.1476399
M27779,0.001,0.007547428
M6467,0.001,0.004804383
M724,0.02,0.002917663
M29612,0.001,0.389063527
M27742,0.001,0.010688544
M10122,0.001,0.380112531
M27437,0.001,0.098058576
M671,0.002,0.275989543
M27637,0.001,0.089519505
M29807,0.001,0.143739525
M27490,0.001,0.37950858
M27746,0.001,0.045253426
M29825,0.001,0.169286555
M27551,0.054,0.212216998
M41806,0.001,0.002758402
M27815,0.188,0.033713046
M27285,0.001,0.005511415
M27489,0.001,0.143201447
M27553,0.001,0.059903575
M41734,0.001,0.275989543
M41723,0.002,0.050475077
M27493,0.001,0.143300467
M41818,0.001,0.054450039
M27425,0.001,0.016401678
M41822,0.001,0.029475727
M27494,0.001,0.124171361
M27491,0.001,0.025326379
M41812,0.001,0.019719569
M41814,0.001,0.030264906
M41738,0.001,0.02880611
M41821,0.001,0.392467506
M41813,0.001,0.016151995
M27802,0.01,0.024030199
M41816,0.001,0.015107101
M41817,0.001,0.020138464
M41807,0.001,0.007320664
M41820,0.001,0.037337363
M583,0.008,0.143141545
M41815,0.001,0.007259745
M29666,0.001,0.050629506
M27487,0.001,0.01833261
M27539,0.001,0.110412021
M41808,0.001,0.006979209
M41829,0.001,0.049541732
M676,0.996,0.007769423
M41828,0.008,0.045057683
M27877,0.001,0.2705445
M27351,0.001,0.37858111
M27041,0.001,0.380133539
M776,0.001,0.026859251
M27583,0.001,0.381103699
M41827,0.001,0.044651376
M27162,0.001,0.109205781
M27783,0.001,0.389063527
M26942,0.001,0.169500692
M27768,0.015,0.270767374
M27787,0.154,0.272064281
M26923,0.001,0.17290836
M27110,0.001,0.069544867
M27203,0.001,0.268800791
M27799,0.425,0.174157929
M27806,0.001,0.210216152
M27234,0.001,0.045210126
M27805,0.003,0.035037289
M27803,0.002,0.06896074
M27817,0.001,0.384582084
M27807,0.001,0.380053093
M27808,0.001,0.379865909
M27821,0.001,0.37858111
M27824,0.001,0.207276052
M27823,0.001,0.381525075
M27694,1,Inf
M27220,0.001,0.386822806
M27222,0.007,0.272064281
M27221,0.001,0.112427347
M1024,0.014,0.208501948
M27150,0.001,0.109340672
M39006,0.001,0.028072536
M7578,0.001,0.379795909
M39009,0.001,0.002780991
M16498,0.001,0.379733815
M27325,0.001,0.37858111
M18415,0.001,0.169491464
M27585,0.001,0.38305358
M2243,0.001,0.097651008
M42524,0.001,0.385294301
M27797,0.001,0.064002279
M26956,0.001,0.007432939
M41727,0.001,0.0151827
M27959,0.041,0.277104399
M1025,0.001,0.033847568
M27173,0.001,0.379468311
M41824,0.001,0.017128776
M27170,0.55,0.039965093
M41823,0.001,0.012329064
M26929,0.001,0.14304157
M739,0.001,0.088646136
M29848,0.001,0.097889066
M27319,0.003,0.081802904
M14236,0.001,0.379468311
M26965,0.001,0.208870591
M925,0.001,0.268333021
M42517,0.001,0.041207014
M1662,0.006,0.17269044
M878,0.001,0.032521856
M1081,0.311,0.030303613
M27795,0.001,0.050693435
M673,0.001,0.143205316
M41826,0.001,0.064710702
M42521,0.001,0.005392892
M563,0.001,0.109512267
M9379,0.001,0.208240797
M27701,0.001,0.036368683
M29535,0.001,0.380398868
M41835,0.001,0.005321416
M27613,0.978,0.170980162
M27245,0.001,0.379782199
M544,0.001,0.024127952
M27316,0.001,0.008692199
M27792,0.005,0.047784686
M27039,0.001,0.016406079
M38994,0.001,0.653943423
M1921,0.001,0.012116624
M27865,0.001,0.088610175
M41733,0.001,0.14317935
M1095,0.001,0.023426123
M591,0.001,0.081366547
M27195,0.001,0.378894162
M41732,0.001,0.268628928
M38997,0.001,0.392467506
M27744,0.001,0.384582084
M27534,0.001,0.270397415
M511,0.001,0.273383818
M29843,0.001,0.010436319
M635,0.001,0.017648658
M27202,0.001,0.267591674
M27187,0.001,0.015569254
M7923,0.001,0.005722517
M39002,0.001,0.170049134
M27530,0.001,0.043207711
M604,0.001,0.069046813
M27918,0.001,0.172499163
M27636,0.001,0.00742571
M27532,0.001,0.047591917
M29851,0.001,0.268277797
M29849,0.001,0.098626122
M27533,0.001,0.047591917
M27864,0.001,0.14333998
M27246,0.001,0.37858111
M618,0.001,0.027665527
M27696,0.001,0.020334261
M27811,0.001,0.035089833
M27443,0.001,0.031815097
M27550,0.03,0.001747951
M29574,0.001,0.050401148
M27342,0.001,0.389063527
M12256,0.003,0.074130165
M29841,0.001,0.005265132
M3158,0.001,0.001149327
M27405,0.001,0.088840552
M27340,0.001,0.269338619
M27536,0.001,0.020354828
M633,0.001,0.050012122
M27440,0.65,0.005998652
M29742,0.03,0.010018684
M29594,1,Inf
M2049,0.001,0.025417136
M567,1,Inf
M514,0.001,0.207559861
M554,0.001,0.082646478
M553,0.001,0.015312383
M41731,0.001,0.2705445
M13881,0.001,0.028517764
M27200,0.001,0.029440267
M27045,0.001,0.125267509
M1021,0.001,0.029570786
M26980,0.001,0.384582084
M5988,0.001,0.007804677
M27225,0.126,0.272064281
M547,0.001,0.064629333
M27403,0.014,0.208228118
M27404,0.017,0.088533145
M27323,0.003,0.024054292
M27168,0.001,0.043306005
M1041,0.001,0.005124358
M29815,0.001,0.278799948
M29823,0.002,0.174177967
M27237,0.003,0.047426191
M27531,0.001,0.034961125
M27736,0.001,0.278799948
M608,0.001,0.005158445
M27670,0.098,0.097944866
M27141,0.001,0.384582084
M27136,0.009,0.175509258
M17842,0.071,0.149568293
M1429,0.001,0.060233106
M27871,0.001,0.003664296
M5967,0.001,0.065774643
M27295,0.001,0.017626851
M1926,0.001,0.076206219
M27074,0.002,0.148604097
M27214,0.71,0.000995543
M29616,0.001,0.026888877
M616,0.001,0.031439106
M1090,0.001,0.030434886
M27373,0.001,0.392467506
M27718,0.001,0.387226297
M27052,0.001,0.17120471
M14857,0.022,0.022038704
M27137,0.001,0.176416822
M10189,0.001,0.001800216
M27138,0.001,0.280495497
M684,0.001,0.099635037
M656,0.001,0.268892628
M26961,0.001,0.276925202
M27217,0.001,0.030377259
M655,0.001,0.143137264
M26963,0.001,0.386822806
M27149,0.001,0.172865132
M27051,0.001,0.210216152
M645,0.001,0.097929791
M639,0.013,0.043134069
M27053,0.001,0.08881498
M653,0.001,0.075415103
M27375,0.001,0.272623927
M1016,0.001,0.146031872
M813,0.001,0.17611459
M27647,1,Inf
M932,0.001,0.11260069
M892,0.001,0.020115786
M556,0.005,0.268423853
M852,0.001,0.063866356
M526,0.001,0.171778411
M27748,0.002,0.009779873
M27023,0.002,0.143157409
M27643,0.001,0.014579658
M27766,0.002,0.125036754
M27174,0.003,0.213232024
M1063,0.002,0.060896927
M27183,0.003,0.148287565
M27762,0.001,0.043042625
M646,0.001,0.027642502
M27884,0.001,0.379501561
M508,0.001,0.012796423
M27020,0.001,0.380344785
M11362,0.001,0.033876578
M17967,0.001,0.170742
M11932,0.001,0.170848424
M861,0.001,0.0742527
M27435,0.001,0.379795909
M662,0.026,0.008966429
M27630,0.007,0.144404976
M27634,0.001,0.21304393
M27499,0.001,0.027220936
M18647,0.001,0.38065835
M27631,0.001,0.272419247
M5224,0.001,0.004515868
M27628,0.001,0.111743021
M27474,0.997,0.035116801
M27635,0.001,0.210392314
M27743,0.808,0.013687614
M27629,0.001,0.147589935
M27538,0.001,0.170169801
M953,0.001,0.209811335
M1000,0.001,0.379357897
M27633,0.001,0.080923657
M967,0.001,0.379155259
M936,0.001,0.209786249
M15381,0.001,0.004906907
M593,0.001,0.171629527
M27614,0.001,0.026866599
M5488,0.001,0.384429718
M940,0.001,0.088528516
M7223,0.001,0.060190809
M7494,0.001,0.00118266
M26939,0.001,0.123967328
M27471,0.001,0.011932313
M26940,0.001,0.380311303
M27008,1,Inf
M27099,0.001,0.00155375
M41836,0.001,0.007801655
M665,0.001,0.017937336
M3574,0.042,0.003668693
M27757,0.002,0.026124264
M27393,0.023,0.125385243
M27145,0.001,0.016276628
M27862,0.002,0.010879688
M27653,0.001,0.041457226
M39008,0.001,0.143259903
M27943,0.001,0.029365646
M39014,0.001,0.070905039
M27549,0.006,0.050142211
M27713,0.001,0.053039771
M27438,0.001,0.208367963
M27027,0.001,0.277104399
M41730,0.001,0.028785205
M27826,0.001,0.031432422
M26899,0.001,0.380850867
M27495,0.001,0.009062324
M29748,0.001,0.035182499
M27394,0.001,0.043044013
M27334,0.001,0.069780525
M27067,0.001,0.207652464
M991,0.001,0.174781918
M881,0.001,0.083655937
M27728,0.001,0.277104399
M27688,0.001,0.384582084
M619,0.001,0.385294301
M27786,0.001,0.002031149
M10064,0.001,0.075121452
M823,0.001,0.021429031
M27856,0.001,0.04342202
M964,0.001,0.272227306
M27610,0.001,0.384396468
M516,1,0.009251891
M27607,0.001,0.389063527
M15514,0.001,0.001565269
M539,0.049,0.021922597
M1084,0.001,0.387539349
M27618,0.001,0.011763928
M27241,0.034,0.128138149
M27834,0.001,0.384582084
M893,0.005,0.039513928
M27372,0.001,0.379652244
M27684,0.001,0.006678913
M838,0.005,0.379207214
M27322,0.001,0.01873939
M27420,0.025,0.113472091
M27431,0.001,0.054468942
M27226,0.001,0.011914434
M27552,0.001,0.028620569
M27430,0.044,0.277104399
M27677,0.001,0.274114796
M456,0.001,0.098255609
M27092,0.001,0.390226785
M27423,0.001,0.08848425
M538,0.001,0.082823064
M27013,0.001,0.002995867
M27088,0.001,0.274874687
M27760,0.001,0.392467506
M27761,0.001,0.387833697
M27422,0.001,0.041085024
M27158,0.226,0.023865511
M27239,0.001,0.271304391
M27730,0.001,0.386822806
M5372,0.008,0.213338326
M933,0.001,0.143980064
M27479,0.001,0.269688439
M603,0.001,0.272419247
M10294,0.001,0.012151799
M27357,0.001,0.389063527
M27413,0.001,0.207805082
M39879,0.001,0.385294301
M832,0.163,0.144827547
M39883,0.153,0.216383403
M26897,0.001,0.056366383
M39890,0.001,0.098773714
M27600,1,Inf
M40056,0.001,0.057875513
M39680,0.056,0.098342754
M40054,0.001,0.090430324
M39874,0.001,0.386822806
M42576,0.001,0.381581597
M39574,0.001,0.053365663
M39860,0.001,0.026121125
M26978,0.001,0.097772359
M27395,0.001,0.09761791
M40060,0.005,0.089840118
M39331,0.04,0.170730183
M39551,0.001,0.392467506
M27602,0.001,0.010470793
M39816,0.014,0.380429154
M39757,0.001,0.381581597
M39749,0.001,0.392467506
M27194,0.991,0.06863071
M39443,0.008,0.08245819
M27012,0.001,0.003308647
M39556,0.001,0.05975854
M42560,0.001,0.098836484
M42541,0.001,0.060596251
M39550,0.001,0.274114796
M39357,0.001,0.018877036
M40052,0.001,0.004961914
M39787,0.001,0.005473264
M39515,0.001,0.395871485
M39398,0.001,0.016575623
M39450,0.001,0.08073574
M1008,0.283,0.01949238
M39503,0.001,0.019907018
M40057,0.001,0.011905811
M27578,0.84,0.001497973
M39615,0.001,0.035557059
M39871,0.003,0.21424705
M39688,0.002,0.009383894
M39326,0.001,0.389063527
M39344,0.014,0.274293993
M39338,0.35,0.002175802
M39841,0.006,0.125185413
M39433,0.001,0.017970263
M39661,0.002,0.008773626
M39518,0.128,0.013042158
M39532,0.001,0.024050696
M39630,0.003,0.005702062
M39519,0.001,0.385294301
M40064,0.001,0.207979409
M27320,0.001,0.379216364
M39842,0.053,0.112445325
M39378,0.001,0.214353351
M39624,0.003,0.099138891
M39776,0.001,0.010376311
M39743,0.001,0.2705445
M39840,0.001,0.27184342
M27077,0.001,0.003441118
M39843,0.001,0.081010751
M39676,0.001,0.171960573
M39480,0.007,0.028497512
M39686,0.001,0.12517926
M39545,0.001,0.125798568
M40047,0.001,0.016167784
M39904,0.001,0.080829727
M39681,0.001,0.050496095
M42542,0.003,0.025555223
M39723,0.003,0.173200071
M39528,0.001,0.390226785
M39861,0.001,0.033714966
M39792,0.001,0.043300102
M39589,0.017,0.277685092
M39733,0.001,0.170831278
M39809,0.315,0.147157802
M26954,0.001,0.004680501
M39523,0.001,0.022382078
M39848,0.001,0.381525075
M39462,0.001,0.01026665
M39691,0.14,0.001332721
M39815,0.005,0.274293993
M39734,0.02,0.002120849
M39505,0.001,0.003340449
M109,0.001,0.171308449
M39605,0.001,0.001066605
M42546,0.001,0.110871621
M39502,0.001,0.034925532
M39476,0.005,0.101051576
M39655,0.001,0.030393026
M42555,0.001,0.03792034
M39570,0.003,0.002554105
M27623,0.001,0.033767622
M39790,0.001,0.124321642
M39868,0.001,0.37858111
M39685,0.001,0.004027072
M39604,0.001,0.268840927
M39349,0.001,0.018254062
M39711,0.001,0.389063527
M4052,0.001,0.015540924
M39348,0.001,0.274114796
M39638,0.004,0.26978461
M39689,0.003,0.273534103
M39391,0.003,0.110305959
M39364,0.018,0.14684127
M40048,0.001,0.03870842
M39665,0.001,0.212110696
M39527,0.002,0.209307394
M27458,0.001,0.170156698
M39777,0.001,0.268479077
M961,0.3,0.009058471
M39875,0.017,0.070231886
M27030,0.001,0.088627451
M40049,0.001,0.09763637
M39622,0.002,0.21424705
M27606,0.001,0.029768851
M39580,0.005,0.176416822
M39419,0.001,0.387226297
M42571,0.997,0.014946184
M39420,0.002,0.01069461
M39677,0.001,0.278799948
M27576,0.001,0.019101035
M27238,0.001,0.170512677
M39410,0.001,0.068908759
M39400,0.001,0.002349496
M39851,0.001,0.10053234
M39858,0.001,0.113162333
M39575,0.001,0.010115561
M39668,0.001,0.269881405
M39756,0.001,0.081024486
M39490,0.003,0.047543802
M39382,0.002,0.081091063
M39651,0.001,0.050954053
M39853,0.001,0.016701784
M42535,0.004,0.010813982
M39901,0.001,0.030611203
M39837,0.001,0.033659285
M39646,0.017,0.015504582
M39581,0.001,0.002675744
M39884,0.03,0.015504582
M39828,0.001,0.032751307
M39591,0.001,0.005795818
M39424,0.001,0.2705445
M39496,0.016,0.147805466
M39564,0.001,0.125273906
M39481,0.001,0.214353351
M39590,0.001,0.011692253
M39444,0.002,0.034595936
M39578,0.001,0.381525075
M39687,0.001,0.060052836
M594,0.001,0.017321852
M39672,0.005,0.031345029
M39714,0.001,0.036471027
M39735,0.05,0.082859651
M42559,0.006,0.145880504
M42551,0.001,0.380079281
M42574,0.001,0.210645168
M42552,0.001,0.210645168
M42564,0.001,0.17224745
M42537,0.001,0.060998928
M39649,0.001,0.004476496
M39516,0.001,0.03497623
M39717,0.001,0.381581597
M39569,0.001,0.026977874
M39758,0.001,0.014336684
M42570,0.001,0.069253374
M39700,0.965,0.003756436
M39800,0.005,0.211844143
M39440,0.001,0.026193424
M39862,0.049,0.113472091
M39598,0.001,0.010594017
M40063,0.001,0.273179137
M39838,0.004,0.090104426
M39396,0.073,0.176416822
M42579,0.001,0.272623927
M39612,0.001,0.028784347
M42573,0.001,0.389063527
M39768,0.001,0.014655101
M39609,0.001,0.043303214
M39339,0.001,0.02230434
M39664,0.001,0.018381898
M39596,0.001,0.022369046
M39369,0.001,0.276925202
M42550,0.001,0.392467506
M40039,0.004,0.075762038
M39334,0.24,0.001173964
M39744,0.001,0.022413864
M39673,0.001,0.008004008
M39347,0.002,0.076585964
M39497,0.001,0.034225109
M39606,0.001,0.015571784
M39617,0.001,0.012840224
M39375,0.001,0.007953859
M42577,0.001,0.274114796
M39814,0.001,0.100997466
M39647,1,0.280495497
M39405,0.001,0.280495497
M39372,1,0.280495497
M40042,0.001,0.054740943
M39404,0.005,0.212688919
M39891,0.007,0.037382873
M39880,1,0.006125797
M39362,0.001,0.050529587
M40053,0.001,0.211499942
M39388,0.001,0.170239089
M39592,0.001,0.050992721
M39832,0.001,0.088840904
M39329,0.001,0.003154138
M39397,0.001,0.390226785
M39654,0.001,0.013508308
M39526,0.001,0.268762792
M39472,0.002,0.145313099
M42578,0.005,0.034113103
M40041,0.004,0.074765034
M39675,0.001,0.386822806
M39610,0.001,0.069031385
M39813,0.001,0.043112781
M39706,0.001,0.033044221
M39593,0.004,0.053883742
M39595,0.001,0.036667446
M39366,0.001,0.027096126
M39530,0.001,0.011208558
M39866,0.001,0.005551956
M39394,0.001,0.273179137
M39900,0.002,0.209761773
M39751,0.001,0.053895493
M39821,0.026,0.057888669
M39712,0.001,0.379968867
M39465,0.003,0.009312972
M39441,0.241,0.00398019
M39902,0.001,0.097969768
M39674,0.021,0.176860586
M39713,0.001,0.043431979
M39359,0.002,0.214701429
M39634,0.68,0.150050392
M29614,0.001,0.001566661
M973,0.001,0.050160866
M39399,0.006,0.099566723
M39796,0.001,0.274293993
M39903,0.001,0.381441316
M6729,0.001,0.653482386
M39908,0.008,0.012768757
M39413,0.003,0.014838038
M39560,0.001,0.03498468
M39623,0.001,0.047573854
M39644,0.001,0.16939052
M39381,0.101,0.07578854
M42545,0.005,0.211550049
M39499,0.001,0.056208208
M39641,0.001,0.111368983
M39748,0.001,0.098549677
M39374,0.08,0.005121382
M39737,0.001,0.110957492
M39537,0.01,0.26978461
M39447,0.075,0.26978461
M39817,0.001,0.027754994
M39770,0.001,0.008870305
M39521,0.001,0.041381733
M39786,0.001,0.110436407
M42549,0.001,0.175297395
M39586,0.004,0.083181302
M39830,0.001,0.004033762
M39484,0.003,0.088716652
M510,0.001,0.272881546
M39409,0.001,0.379155259
M39909,0.001,0.016389111
M39656,0.192,0.008086007
M39611,0.001,0.395871485
M39899,0.001,0.041798532
M39660,0.002,0.212252116
M39801,0.08,0.001235924
M39827,0.001,0.208080785
M42530,0.001,0.171388213
M39383,0.002,0.007202763
M39620,0.008,0.10943453
M39836,0.001,0.215368377
M42543,0.001,0.386822806
M39804,0.003,0.00166083
M40055,0.001,0.127607578
M39889,0.001,0.280495497
M39628,0.001,0.019128732
M39539,0.001,0.210216152
M39517,0.001,0.169630043
M39839,0.001,0.021228004
M39430,0.001,0.038641431
M39392,0.001,0.009128065
M39762,0.001,0.038180708
M39905,0.001,0.018690769
M39701,0.001,0.21123709
M39482,0.06,0.00139639
M39708,0.001,0.392467506
M39477,0.001,0.046071323
M39435,0.001,0.005497766
M39739,0.001,0.008439687
M39896,0.164,0.176184922
M39716,0.001,0.009395856
M39327,0.001,0.169556706
M39534,0.005,0.172595606
M39907,0.167,0.081766445
M39346,0.49,0.002397355
M39835,0.105,0.012693249
M39582,0.001,0.1437043
M39455,0.002,0.041622059
M39552,0.002,0.144485647
M39402,0.001,0.002872971
M39492,0.001,0.009401397
M39882,0.001,0.109126872
M39652,0.119,0.038111215
M39747,0.001,0.210123429
M39854,0.001,0.056565465
M39418,0.001,0.060784138
M39459,0.001,0.276194223
M39823,0.001,0.004596208
M39844,0.001,0.280495497
M39829,0.001,0.017129572
M39536,0.001,0.013748784
M39361,0.001,0.38305358
M39720,0.001,0.00614799
M42544,0.001,0.379618994
M39741,0.001,0.269338619
M39367,0.001,0.04579242
M39493,0.001,0.21133748
M39856,0.001,0.008052564
M39401,0.001,0.009908727
M39808,0.002,0.060186222
M39463,0.001,0.170593116
M39332,0.001,0.392467506
M39543,0.514,0.004048259
M39421,0.001,0.147548462
M39412,0.001,0.395871485
M39857,0.001,0.014589053
M39425,0.002,0.069712438
M39546,0.001,0.006221203
M39323,0.001,0.001727831
M39594,0.002,0.013335561
M39627,0.975,0.007577857
M39376,0.001,0.379618994
M39544,0.001,0.089448483
M40043,0.336,0.216383403
M39892,0.003,0.169789015
M39731,0.001,0.008151758
M39566,0.001,0.00818066
M40066,0.002,0.06125528
M39781,0.686,0.126228058
M39365,0.001,0.143262316
M39724,0.006,0.114033734
M27666,0.001,0.007417743
M39565,0.001,0.053016115
M39683,0.001,0.019902209
M39478,0.007,0.170149353
M39755,0.001,0.08336909
M39648,0.001,0.37858111
M39439,0.259,0.08884146
M40059,0.001,0.060413799
M39541,0.003,0.080613129
M39633,0.001,0.392467506
M39704,0.011,0.030362444
M39426,0.001,0.007080034
M39881,0.001,0.024771432
M39487,0.001,0.211177194
M39512,0.001,0.210428722
M40045,0.001,0.395871485
M39354,0.001,0.041335352
M39325,0.001,0.144117304
M39588,0.001,0.014776668
M39479,0.001,0.088620078
M39695,0.001,0.012091069
M39895,0.001,0.270482387
M39864,0.001,0.035523733
M39343,0.001,0.213686403
M42528,0.015,0.274293993
M39894,0.015,0.126952392
M39494,0.001,0.211673893
M39506,0.001,0.016954101
M39798,0.001,0.028495648
M42566,0.001,0.389063527
M39531,0.001,0.04578891
M42569,0.001,0.001923665
M39788,0.001,0.022884229
M39572,0.001,0.029398154
M39389,0.027,0.176860586
M39469,0.016,0.379795909
M39715,0.001,0.016653826
M42548,0.008,0.010898277
M39335,0.009,0.016425819
M27784,0.001,0.011486753
M39637,0.001,0.033628581
M39761,0.001,0.074802925
M39448,0.001,0.008882238
M39571,0.001,0.041359385
M39488,0.018,0.176184922
M39657,0.001,0.045791526
M39663,0.001,0.07064866
M39775,0.025,0.174621731
M39789,0.001,0.170883531
M39826,0.992,0.008988419
M39780,0.003,0.207616552
M39698,0.001,0.025478522
M39782,0.734,0.009516589
M39597,0.001,0.000923958
M39750,0.001,0.090112417
M39428,0.001,0.001406226
M39727,0.001,0.024173576
M39599,0.001,0.38869828
M39603,0.001,0.109750282
M39694,0.001,0.384582084
M39458,0.024,0.082637669
M39390,0.001,0.211898127
M39471,0.001,0.064068496
M39722,0.453,0.006416819
M39473,0.131,0.101895645
M39785,0.001,0.207538904
M944,0.001,0.006190151
M39563,0.001,0.009490223
M42538,0.166,0.268782179
M39625,0.001,0.003844952
M42572,0.001,0.004623712
M39540,0.001,0.010566106
M39754,0.001,0.081715203
M39340,0.001,0.034178686
M39645,0.001,0.047982338
M39653,0.001,0.089357802
M42557,0.001,0.006756494
M39876,0.001,0.171582254
M39461,0.001,0.056578121
M39811,0.001,0.041475885
M39454,0.4,0.009578079
M39602,0.001,0.032746067
M42568,0.001,0.008454472
M39846,0.001,0.171324211
M39568,0.001,0.008079177
M39659,0.001,0.013545165
M42529,0.001,0.272623927
M39342,0.001,0.385294301
M39906,0.001,0.280495497
M40062,0.001,0.021304304
M39709,0.001,0.075304649
M42533,0.001,0.03781098
M39763,0.001,0.06905357
M39618,0.003,0.109471431
M39707,0.001,0.032635656
M39877,0.001,0.010979505
M39345,0.001,0.060938362
M39576,0.001,0.037941651
M39795,0.003,0.145840938
M39807,0.001,0.110197699
M39529,0.001,0.064029227
M39547,0.001,0.069924993
M39567,0.022,0.112290933
M39542,0.001,0.070696529
M39427,0.001,0.053131416
M39579,0.021,0.049226832
M39636,0.001,0.027912224
M42534,0.001,0.048439623
M42532,0.087,0.076121326
M42531,0.001,0.099236345
M39852,0.001,0.006182545
M39355,0.001,0.03572949
M39548,0.001,0.384582084
M39865,0.002,0.075528294
M39873,0.005,0.144443403
M39812,0.001,0.04442951
M39445,0.001,0.033663435
M39740,0.117,0.007383152
M39616,0.001,0.021775678
M39855,0.001,0.211283496
M39474,0.001,0.024104543
M42567,0.005,0.144396484
M39766,0.003,0.060618085
M39765,0.001,0.069521136
M39408,0.001,0.143549109
M40051,0.001,0.075622824
M39533,0.001,0.069435108
M39639,0.001,0.050059429
M39772,0.001,0.169503692
M39525,0.001,0.110016908
M39893,0.001,0.037963001
M27785,0.061,0.002901809
M39682,0.318,0.008651383
M39403,0.001,0.006905397
M39438,0.001,0.008446076
M39486,0.001,0.392467506
M40065,0.001,0.145207873
M39794,0.001,0.109405171
M39384,0.001,0.064637073
M39759,0.001,0.023191878
M39845,0.001,0.036499051
M39824,0.001,0.01670213
M39745,0.001,0.032509006
M39350,0.002,0.018663962
M40050,0.25,0.216383403
M42581,0.001,0.380627242
M42556,0.01,0.208853015
M39867,0.001,0.389063527
M42561,0.001,0.392467506
M39520,0.001,0.001887387
M39797,0.038,0.277685092
M39524,0.001,0.023431667
M39511,0.001,0.217398429
M39897,0.001,0.2688831
M39504,0.301,0.129944561
M39358,0.001,0.081494544
M39485,0.001,0.12517987
M42562,0.001,0.379618994
M39642,0.001,0.010852864
M42536,0.001,0.075026269
M42558,0.001,0.026788803
M39553,0.946,0.005223616
M39555,0.001,0.009911455
M39803,0.001,0.037908001
M39501,0.001,0.172788264
M39679,0.001,0.170415873
M39703,0.002,0.043002387
M39393,0.018,0.213686403
M39483,0.001,0.274114796
M40061,0.001,0.145738205
M39863,0.001,0.381097429
M39514,0.001,0.169750094
M27397,0.001,0.047430863
M39509,0.001,0.387800447
M39491,0.001,0.009393469
M39475,0.001,0.002009055
M39562,0.001,0.05620189
M39631,0.029,0.216383403
M39764,0.43,0.001850943
M39784,0.001,0.38151592
M39632,0.001,0.033827213
M40058,0.033,0.127502394
M39489,0.001,0.169750179
M40067,0.001,0.016178439
M39370,0.019,0.098835152
M39583,0.984,0.00710998
M39457,0.001,0.025400957
M39774,0.186,0.175741158
M39613,0.402,0.004908138
M39386,0.001,0.032670038
M39395,0.001,0.01004423
M39341,0.001,0.005290482
M39385,0.001,0.011294281
M39351,0.002,0.014129025
M39690,0.019,0.018795375
M39825,0.001,0.146373771
M39368,0.001,0.081288594
M39431,0.001,0.384582084
M39635,0.001,0.047550114
M39886,0.001,0.013149096
M39498,0.003,0.146625739
M39414,0.001,0.080738744
M39753,0.004,0.209949599
M39806,0.06,0.003639906
M39324,0.001,0.171334647
M39561,0.001,0.041329603
M39752,0.001,0.169490084
M39692,0.003,0.069211668
M39432,0.001,0.001096619
M39500,0.001,0.048526521
M39336,0.001,0.003956081
M39658,0.001,0.145284277
M39667,0.001,0.006571879
M39822,0.001,0.027769284
M39771,0.001,0.031984815
M39870,0.001,0.069344699
M39373,0.002,0.004585243
M39833,0.039,0.21133748
M39577,0.001,0.007864046
M39878,0.001,0.109641276
M39850,0.001,0.03494446
M39508,0.001,0.028859426
M39371,0.002,0.213810246
M39468,0.001,0.089307032
M39363,0.001,0.0314548
M39710,0.001,0.026811302
M39767,0.001,0.280495497
M39352,0.001,0.2705445
M39429,0.001,0.004543654
M39831,0.001,0.070479932
M39738,0.001,0.035140282
M39573,0.001,0.109618358
M39522,0.001,0.059831377
M39773,0.001,0.031814219
M39554,0.001,0.023056365
M42554,0.001,0.050392922
M39333,0.001,0.035196187
M39699,0.001,0.169662378
M39407,0.001,0.098528135
M39377,0.002,0.045387475
M39337,0.001,0.019618879
hsa00040,0.004,0.090524579
hsa00053,0.002,0.147006836
M39791,0.355,0.012866135
hsa00062,0.001,0.070207626
M39859,0.001,0.098138175
hsa00061,0.001,0.064238764
hsa00120,0.015,0.171334647
M39718,0.001,0.007732456
hsa00052,0.001,0.03385612
hsa00130,0.001,0.274874687
hsa00100,0.001,0.14428648
hsa00232,0.001,0.392467506
M40046,0.009,0.01153657
hsa00220,0.001,0.074208661
M39805,0.001,0.008677401
hsa00051,0.001,0.04142055
hsa00140,0.001,0.025350406
hsa00030,0.001,0.029375467
hsa00340,0.008,0.089815453
M39456,0.001,0.019517775
M39746,0.001,0.004732954
hsa00360,0.001,0.211113246
hsa00250,0.001,0.025457047
hsa00350,0.001,0.050880064
hsa00260,0.001,0.019103882
hsa00430,0.001,0.390226785
hsa00440,0.001,0.384582084
hsa00450,0.001,0.099611071
hsa00330,0.001,0.01887311
hsa00410,0.001,0.045599425
hsa00380,0.001,0.02194863
hsa00470,0.001,0.392467506
M39549,0.001,0.068903494
M39721,0.001,0.007733413
hsa00511,0.001,0.110196122
hsa00512,0.002,0.110992084
hsa00515,0.001,0.271688268
M39452,0.001,0.010827054
hsa00514,0.001,0.033249132
hsa00531,0.001,0.088840904
hsa00500,0.001,0.056257741
hsa00533,0.014,0.211113246
hsa00532,0.023,0.2077397
hsa00270,0.001,0.011209109
hsa00534,0.001,0.088224219
hsa00513,0.001,0.032615322
hsa00591,0.001,0.268322653
hsa00563,0.001,0.170376595
hsa00592,0.001,0.172897838
hsa00601,0.001,0.37858111
hsa00604,0.001,0.392467506
hsa00603,0.001,0.389063527
M26975,0.001,0.267512151
hsa00590,0.001,0.039742439
M39669,0.001,0.008154782
hsa00510,0.001,0.013714278
M39601,0.001,0.034944968
hsa00630,0.001,0.039628325
hsa00730,0.271,0.127415584
hsa00740,0.001,0.273383818
hsa00750,0.001,0.386822806
hsa00650,0.001,0.069358431
hsa00770,0.001,0.09962732
hsa00785,0.001,0.389063527
M39834,0.001,0.009030084
hsa00565,0.001,0.056557694
hsa00520,0.001,0.011651027
hsa00790,0.001,0.069775745
M39650,0.001,0.002533598
hsa00910,0.001,0.174621731
hsa00561,0.001,0.022881801
hsa00900,0.001,0.064201258
hsa00310,0.001,0.007450589
hsa00860,0.001,0.039764894
hsa00920,0.002,0.171476179
hsa00640,0.001,0.019862382
hsa02010,0.124,0.052342981
hsa00830,0.001,0.023556796
hsa01040,0.001,0.053354399
M39380,0.884,0.005739416
hsa00670,0.041,0.169754149
M42547,0.001,0.002585621
hsa00970,0.001,0.059909771
M39732,0.001,0.006101691
M39387,0.001,0.004732152
hsa00760,0.048,0.010113642
hsa00071,0.001,0.019982451
hsa00983,0.001,0.013095196
hsa00600,0.001,0.053062074
hsa03060,0.007,0.05980339
hsa00620,0.001,0.009399468
hsa03050,0.456,0.378909695
M39684,0.001,0.01415753
hsa03450,0.001,0.379652244
hsa00982,0.001,0.04589423
hsa03430,0.001,0.169903104
hsa00980,0.99,0.028875961
M27753,0.5,0.013702824
hsa04061,0.001,0.056608408
hsa03410,0.001,0.037882008
M42580,0.001,0.006058152
hsa00240,0.001,0.004777831
hsa03440,0.001,0.056262331
hsa00020,0.001,0.088574834
hsa00280,0.716,0.002481269
hsa04060,0.001,0.014936086
hsa04080,0.001,0.040092526
hsa03320,0.614,0.007702672
hsa04015,0.001,0.00160824
hsa04014,0.02,0.001565437
M39678,0.001,0.007031406
hsa04122,0.001,0.387226297
hsa00010,0.002,0.017970213
hsa04110,0.001,0.002383313
hsa03008,0.002,0.010818529
M39434,0.001,0.003841169
hsa03460,0.001,0.01994706
hsa03040,0.001,0.654274383
hsa00564,0.001,0.006582058
hsa04062,0.02,0.002912986
hsa04142,0.001,0.003046193
hsa04120,0.001,0.002366357
hsa00230,0.001,0.004336218
hsa04010,0.001,0.000923856
M39662,0.001,0.001890713
hsa04115,0.982,0.018495731
hsa03020,0.001,0.109671387
M39495,1,0.21133748
hsa04145,0.001,0.003238802
hsa04020,0.001,0.002432966
hsa04216,0.001,0.029864384
hsa03018,0.001,0.004679027
hsa04022,0.001,0.001855101
hsa04136,0.001,0.05040664
hsa04215,0.001,0.033660398
M39725,0.001,0.003084961
hsa04340,0.001,0.024353898
hsa04210,0.001,0.003646744
hsa04260,0.001,0.046075997
hsa04140,0.03,0.002080254
hsa04330,0.001,0.024071993
hsa00480,0.001,0.032755742
hsa04218,0.02,0.002212072
hsa04150,0.001,0.00749684
hsa04141,0.001,0.000991086
hsa04392,0.001,0.050246847
hsa00562,0.001,0.008610473
hsa04066,0.001,0.002824068
hsa04350,0.001,0.010137312
hsa04024,0.001,0.002456356
hsa04217,0.001,0.003750282
hsa04530,0.001,0.001021523
hsa04360,0.001,0.000992189
hsa04614,0.017,0.041444725
hsa04213,0.001,0.008071028
hsa04137,0.001,0.007758168
hsa04512,0.01,0.035015878
hsa03015,0.001,0.015355528
hsa04621,0.001,0.001079985
hsa04064,0.001,0.006778228
hsa04612,0.001,0.017705
hsa04261,0.001,0.003212621
hsa00190,0.001,0.050009935
hsa04012,0.001,0.015798985
M39417,0.79,0.390226785
hsa04514,0.003,0.006778912
hsa04623,0.001,0.037853822
hsa04270,0.001,0.002397151
hsa04071,0.001,0.004160422
hsa04370,0.001,0.017942687
hsa03030,0.001,0.109603455
hsa04540,0.001,0.004726269
hsa04672,0.001,0.100938378
hsa04310,0.001,0.002579241
hsa04640,0.001,0.01834302
M39423,0.001,0.00744599
hsa04072,0.001,0.003286695
hsa04070,0.989,0.011546485
hsa04710,0.001,0.056218275
hsa04211,0.001,0.007036072
hsa04520,0.001,0.008305197
hsa04152,0.003,0.002963922
hsa04114,0.001,0.002526668
hsa04721,0.001,0.013122483
hsa04658,0.001,0.008360532
hsa04550,0.001,0.014391395
hsa04740,0.001,0.057331959
hsa04742,0.001,0.125176521
hsa04130,0.001,0.380502789
hsa04744,1,0.280495497
hsa04613,0.001,0.002094244
hsa04622,0.039,0.007502649
hsa04380,0.001,0.002146368
hsa04610,0.001,0.001754054
hsa04510,0.001,0.003083589
hsa03022,0.001,0.074827439
hsa04911,0.001,0.015151052
hsa04913,0.001,0.05445454
hsa04390,0.001,0.001414333
hsa04657,0.028,0.007388188
hsa04910,0.001,0.002154334
hsa04611,0.001,0.00180776
hsa04068,0.001,0.005394733
hsa04720,0.001,0.004631129
hsa04918,0.001,0.014261697
hsa04750,0.001,0.004178125
hsa04727,0.001,0.050783586
hsa04659,0.001,0.006099187
hsa04923,0.001,0.041511057
hsa04730,0.001,0.010223199
M39847,0.001,0.088598307
hsa04625,0.001,0.00391082
hsa04927,0.001,0.031688713
hsa04924,0.001,0.017037079
hsa04930,0.001,0.064351132
hsa04920,0.001,0.008381118
hsa04650,0.001,0.007306818
hsa04146,0.001,0.032707046
hsa04666,0.001,0.002813275
hsa04940,0.001,0.145658637
hsa04960,0.001,0.074871399
hsa04964,0.001,0.100153397
hsa04925,0.002,0.007518043
hsa04916,0.001,0.007369772
hsa04630,0.001,0.015802823
hsa04962,0.001,0.050392922
hsa04961,0.001,0.022470458
hsa04966,0.001,0.211783298
hsa04973,0.001,0.070009231
hsa04975,0.001,0.075546536
hsa04976,0.001,0.065613646
hsa04977,0.002,0.128747693
hsa04929,0.001,0.020348639
hsa04371,0.001,0.003007903
hsa04978,0.001,0.034248258
hsa04972,0.001,0.014836018
hsa04970,0.001,0.00995347
hsa05030,0.001,0.060394632
hsa04979,0.001,0.021385935
hsa05017,0.02,0.004850232
hsa04934,0.001,0.003973135
hsa05031,0.001,0.011658021
hsa04971,0.001,0.008453197
hsa04922,0.001,0.003701076
hsa04810,0.001,0.001474298
hsa04928,0.001,0.004161546
hsa04726,0.001,0.022428984
hsa04974,0.998,0.032090354
hsa04662,0.001,0.005944189
hsa05110,0.001,0.038382545
hsa04670,0.002,0.001951755
hsa05143,0.001,0.07574929
hsa04620,0.001,0.004327211
hsa05133,0.001,0.012465629
hsa05144,0.001,0.021080634
hsa05134,0.001,0.011704115
hsa05120,0.001,0.016121979
hsa04713,0.001,0.00877501
hsa05152,0.001,0.001780696
hsa05150,0.001,0.015940525
hsa04724,0.001,0.015850012
hsa04668,0.001,0.004116933
M725,1,Inf
hsa05135,0.001,0.002023103
hsa05146,0.001,0.009124597
hsa04931,0.001,0.002195339
hsa05032,0.001,0.02767907
hsa04914,0.001,0.007257968
hsa05140,0.001,0.008954367
hsa05202,0.001,0.001834339
hsa05164,0.03,0.002326268
hsa05168,0.001,0.001842054
hsa05130,0.001,0.001401312
hsa04664,0.001,0.056722382
hsa05160,0.001,0.002187525
hsa05204,0.001,0.048287939
hsa05034,0.007,0.007402073
hsa05166,0.001,0.001243061
hsa05131,0.001,0.000942877
hsa03013,0.001,0.004773501
hsa05207,0.05,0.005048148
hsa05216,0.001,0.028690129
hsa05206,0.99,0.004111747
hsa04936,0.001,0.002935129
hsa04728,0.001,0.002840182
hsa05169,0.001,0.001131826
hsa05203,0.001,0.000924181
hsa05217,0.001,0.050701254
hsa04912,0.001,0.003414518
hsa05161,0.09,0.001409429
hsa05142,0.001,0.00468234
hsa04932,0.001,0.003638792
hsa04723,0.001,0.111108817
hsa05310,0.001,0.212402068
hsa05219,0.001,0.022907035
hsa05320,0.001,0.125419718
hsa05170,0.001,0.00099467
hsa04919,0.001,0.005955034
hsa05225,0.001,0.003706482
hsa04921,0.001,0.001315184
hsa05321,0.001,0.043441549
hsa05163,0.001,0.001096714
hsa05322,0.001,0.024320674
hsa05340,0.001,0.065022283
hsa05332,0.001,0.20916231
hsa05330,0.001,0.144011411
hsa05205,0.05,0.001355843
hsa05167,0.001,0.001748554
hsa05323,0.001,0.024843716
hsa05416,0.001,0.017171482
hsa03420,0.001,0.088598307
hsa05145,0.001,0.003633341
hsa05418,0.001,0.001847274
hsa05213,0.001,0.050166158
hsa05100,0.001,0.005005908
hsa05410,0.001,0.014199518
hsa04660,0.001,0.003364281
hsa05412,0.001,0.010270213
hsa04917,1,0.003945869
hsa04915,0.001,0.00234249
hsa05414,0.001,0.014859847
hsa05221,0.001,0.010218445
hsa05214,0.001,0.028517268
hsa05218,0.509,0.005958924
hsa05222,0.001,0.008856896
hsa04933,0.001,0.00634739
hsa04725,0.001,0.009992327
hsa05211,0.001,0.017732366
hsa05223,0.001,0.026950032
hsa05230,0.001,0.012073769
hsa05210,0.001,0.030372023
hsa04714,0.08,0.003376193
hsa05212,0.001,0.009995355
hsa05220,0.001,0.012938591
hsa05417,0.001,0.000923385
hsa05231,0.105,0.00817292
hsa04935,0.001,0.003390788
hsa05224,0.001,0.045262761
hsa05215,0.001,0.010569912
hsa05208,0.001,0.002440719
hsa05226,0.001,0.012578805
hsa05235,0.001,0.006096191
hsa04722,0.001,0.002599031
hsa05162,0.001,0.00239107
hsa05415,0.001,0.001850747
hsa04926,0.001,0.005386962
M747,0.001,0.210706156
M27398,0.001,0.124641417
M39406,0.74,0.021319577
M39436,0.001,0.056108357
M4669,0.001,0.00346905
M27181,0.51,0.005754973
M27876,0.03,0.030158054
hsa03010,1,Inf
M29813,0.862,0.110163882
hsa05171,0.002,0.001753159
"M27446",1,Inf
